,TransactionID,ProductCD,card1,card2,card3,card4,card5,card6,addr1,addr2,TransactionDT,TransactionAmt,C1,C2,C3,C4,C5,C6,C7,C8,C9,C10,C11,C12,C13,C14
0,472433,W,6592,278.0,150.0,visa,226.0,debit,325.0,87.0,>=3027949.25,>=125.0,3.0,4.0,0.0,0.0,0.0,2.0,0.0,0.0,4.0,0.0,2.0,1.0,9.0,1.0
1,472434,W,15484,418.0,150.0,visa,226.0,debit,264.0,87.0,>=3027949.25,<125,1.0,1.0,0.0,0.0,1.0,1.0,0.0,0.0,0.0,0.0,1.0,0.0,8.0,1.0
2,472435,C,14276,177.0,185.0,mastercard,137.0,credit,NotFound,NotFound,<3027949.25,<125,1.0,1.0,0.0,1.0,0.0,1.0,1.0,0.0,0.0,0.0,1.0,1.0,0.0,0.0
3,472436,W,1893,514.0,150.0,mastercard,224.0,credit,441.0,87.0,>=3027949.25,<125,3.0,2.0,0.0,0.0,1.0,1.0,0.0,0.0,1.0,0.0,2.0,0.0,57.0,3.0
4,472437,C,14337,228.0,106.0,visa,137.0,debit,NotFound,NotFound,>=3027949.25,<125,1.0,5.0,0.0,1.0,0.0,1.0,1.0,1.0,0.0,1.0,1.0,1.0,2.0,1.0
5,472438,W,7585,553.0,150.0,visa,226.0,credit,204.0,87.0,>=3027949.25,<125,3.0,2.0,0.0,0.0,2.0,3.0,0.0,0.0,2.0,0.0,3.0,0.0,8.0,3.0
6,472439,W,2300,412.0,150.0,visa,226.0,debit,184.0,87.0,>=3027949.25,<125,1.0,1.0,0.0,0.0,0.0,0.0,0.0,0.0,2.0,0.0,1.0,0.0,2.0,1.0
7,472440,H,15066,170.0,150.0,mastercard,102.0,credit,472.0,87.0,<3027949.25,<125,1.0,1.0,0.0,0.0,0.0,1.0,0.0,1.0,0.0,1.0,1.0,0.0,1.0,1.0
8,472441,W,2455,321.0,150.0,visa,226.0,credit,441.0,87.0,>=3027949.25,>=125.0,1.0,1.0,0.0,0.0,1.0,1.0,0.0,0.0,1.0,0.0,1.0,0.0,1.0,1.0
9,472442,W,15823,302.0,150.0,visa,226.0,debit,184.0,87.0,>=3027949.25,<125,1.0,1.0,0.0,0.0,0.0,1.0,0.0,0.0,2.0,0.0,1.0,0.0,15.0,1.0
10,472443,W,7919,194.0,150.0,mastercard,202.0,debit,231.0,87.0,<3027949.25,<125,8.0,10.0,0.0,0.0,4.0,5.0,0.0,0.0,4.0,0.0,5.0,0.0,42.0,7.0
11,472444,W,16232,396.0,150.0,mastercard,224.0,debit,315.0,87.0,>=3027949.25,<125,1.0,1.0,0.0,0.0,1.0,0.0,0.0,0.0,1.0,0.0,1.0,0.0,1.0,1.0
12,472445,W,8394,490.0,150.0,visa,226.0,debit,325.0,87.0,>=3027949.25,<125,1.0,1.0,0.0,0.0,0.0,1.0,0.0,0.0,1.0,0.0,1.0,1.0,5.0,1.0
13,472446,W,13295,321.0,150.0,visa,226.0,debit,436.0,87.0,>=3027949.25,<125,1.0,2.0,0.0,0.0,0.0,1.0,0.0,0.0,1.0,0.0,1.0,0.0,1.0,1.0
14,472447,W,14098,481.0,150.0,mastercard,195.0,debit,325.0,87.0,>=3027949.25,<125,1.0,1.0,0.0,0.0,0.0,1.0,0.0,0.0,0.0,0.0,1.0,0.0,1.0,1.0
15,472448,W,3681,513.0,150.0,visa,166.0,debit,433.0,87.0,>=3027949.25,<125,1.0,1.0,0.0,0.0,0.0,1.0,0.0,0.0,0.0,0.0,1.0,0.0,1.0,1.0
16,472449,S,6054,327.0,150.0,discover,223.0,credit,231.0,87.0,<3027949.25,<125,1.0,1.0,1.0,1.0,0.0,0.0,0.0,1.0,0.0,1.0,1.0,0.0,1.0,1.0
17,472450,W,8868,205.0,150.0,visa,166.0,debit,441.0,87.0,>=3027949.25,<125,1.0,2.0,0.0,0.0,0.0,2.0,0.0,0.0,2.0,0.0,2.0,0.0,1.0,1.0
18,472451,R,9350,111.0,150.0,visa,162.0,credit,512.0,87.0,<3027949.25,<125,2.0,2.0,0.0,1.0,0.0,2.0,0.0,2.0,0.0,3.0,2.0,0.0,1.0,1.0
19,472452,C,13832,375.0,185.0,mastercard,224.0,debit,NotFound,NotFound,>=3027949.25,<125,6.0,30.0,0.0,1.0,0.0,1.0,1.0,1.0,0.0,12.0,2.0,2.0,24.0,5.0
20,472453,C,14276,177.0,185.0,mastercard,137.0,credit,NotFound,NotFound,<3027949.25,<125,13.0,7.0,0.0,4.0,0.0,4.0,4.0,3.0,0.0,1.0,6.0,6.0,1.0,1.0
21,472454,R,8964,399.0,150.0,american express,185.0,credit,272.0,87.0,<3027949.25,<125,3.0,3.0,0.0,1.0,0.0,3.0,0.0,3.0,0.0,3.0,3.0,0.0,3.0,3.0
22,472455,W,12695,490.0,150.0,visa,226.0,debit,325.0,87.0,>=3027949.25,<125,1.0,2.0,0.0,0.0,0.0,1.0,0.0,0.0,2.0,0.0,2.0,0.0,2.0,1.0
23,472456,W,17465,554.0,150.0,mastercard,224.0,debit,204.0,87.0,<3027949.25,<125,2.0,3.0,0.0,0.0,0.0,3.0,0.0,0.0,1.0,0.0,2.0,0.0,11.0,2.0
24,472457,W,14649,548.0,150.0,visa,226.0,debit,476.0,87.0,>=3027949.25,<125,1.0,1.0,0.0,0.0,4.0,1.0,0.0,0.0,3.0,0.0,1.0,0.0,17.0,1.0
25,472458,W,2157,111.0,150.0,visa,226.0,debit,337.0,87.0,>=3027949.25,<125,1.0,1.0,0.0,0.0,0.0,1.0,0.0,0.0,1.0,0.0,1.0,0.0,1.0,1.0
26,472459,W,14842,370.0,150.0,visa,166.0,debit,476.0,87.0,>=3027949.25,<125,1.0,2.0,0.0,0.0,0.0,1.0,0.0,0.0,1.0,0.0,1.0,0.0,5.0,1.0
27,472460,W,7874,225.0,150.0,mastercard,224.0,debit,448.0,87.0,>=3027949.25,<125,1.0,1.0,0.0,0.0,0.0,1.0,0.0,0.0,1.0,0.0,1.0,0.0,1.0,1.0
28,472461,C,16747,555.0,134.0,visa,137.0,credit,372.0,72.0,<3027949.25,<125,1.0,1.0,0.0,1.0,0.0,1.0,1.0,1.0,0.0,1.0,1.0,1.0,1.0,1.0
29,472462,W,14643,529.0,150.0,visa,162.0,credit,204.0,87.0,>=3027949.25,>=125.0,1.0,1.0,0.0,0.0,1.0,1.0,0.0,0.0,1.0,0.0,1.0,0.0,1.0,1.0
30,472463,W,15399,390.0,150.0,mastercard,224.0,debit,143.0,87.0,>=3027949.25,<125,2.0,2.0,0.0,0.0,1.0,1.0,0.0,0.0,1.0,0.0,1.0,0.0,2.0,2.0
31,472464,W,12469,360.0,150.0,mastercard,166.0,debit,184.0,87.0,>=3027949.25,<125,203.0,193.0,0.0,0.0,144.0,196.0,0.0,0.0,68.0,0.0,182.0,0.0,216.0,111.0
32,472465,S,4074,589.0,150.0,visa,226.0,debit,441.0,87.0,<3027949.25,<125,2.0,3.0,0.0,2.0,0.0,2.0,0.0,35.0,0.0,27.0,4.0,0.0,99.0,2.0
33,472466,W,10856,268.0,150.0,visa,166.0,debit,264.0,87.0,<3027949.25,<125,2.0,2.0,0.0,0.0,1.0,2.0,0.0,0.0,1.0,0.0,2.0,0.0,4.0,2.0
34,472467,W,8320,476.0,150.0,visa,166.0,debit,264.0,87.0,>=3027949.25,>=125.0,3.0,2.0,0.0,0.0,0.0,1.0,0.0,0.0,2.0,0.0,3.0,0.0,6.0,3.0
35,472468,C,15885,545.0,185.0,visa,138.0,debit,NotFound,NotFound,>=3027949.25,<125,1.0,1.0,0.0,1.0,0.0,1.0,1.0,0.0,0.0,0.0,1.0,1.0,1.0,1.0
36,472469,W,16994,206.0,150.0,mastercard,126.0,debit,299.0,87.0,>=3027949.25,<125,2.0,2.0,0.0,0.0,1.0,2.0,0.0,0.0,1.0,0.0,1.0,0.0,20.0,2.0
37,472470,W,14653,194.0,150.0,mastercard,166.0,debit,315.0,87.0,>=3027949.25,<125,8.0,7.0,0.0,0.0,13.0,4.0,0.0,0.0,5.0,0.0,6.0,0.0,58.0,8.0
38,472471,W,10027,101.0,150.0,visa,226.0,debit,123.0,87.0,>=3027949.25,>=125.0,1.0,3.0,0.0,0.0,2.0,1.0,0.0,0.0,2.0,0.0,2.0,0.0,9.0,1.0
39,472472,W,15497,490.0,150.0,visa,226.0,debit,299.0,87.0,>=3027949.25,<125,117.0,99.0,0.0,0.0,148.0,79.0,0.0,0.0,71.0,0.0,73.0,0.0,545.0,105.0
40,472473,W,6550,NotFound,150.0,visa,226.0,debit,476.0,87.0,>=3027949.25,<125,5.0,2.0,0.0,0.0,0.0,2.0,0.0,0.0,4.0,0.0,2.0,1.0,19.0,5.0
41,472474,C,3154,408.0,185.0,mastercard,224.0,debit,NotFound,NotFound,>=3027949.25,<125,1.0,1.0,0.0,1.0,0.0,1.0,1.0,1.0,0.0,0.0,1.0,1.0,1.0,1.0
42,472475,C,18250,545.0,185.0,visa,226.0,credit,NotFound,NotFound,>=3027949.25,<125,1.0,1.0,0.0,1.0,0.0,1.0,1.0,1.0,0.0,1.0,1.0,1.0,0.0,0.0
43,472476,W,16479,470.0,150.0,mastercard,137.0,credit,325.0,87.0,>=3027949.25,>=125.0,5.0,2.0,0.0,0.0,1.0,1.0,0.0,0.0,2.0,0.0,1.0,0.0,6.0,3.0
44,472477,W,17492,302.0,150.0,visa,226.0,credit,387.0,87.0,>=3027949.25,>=125.0,2.0,1.0,0.0,0.0,0.0,1.0,0.0,0.0,3.0,0.0,1.0,1.0,17.0,2.0
45,472478,W,14046,555.0,150.0,visa,226.0,credit,226.0,87.0,<3027949.25,>=125.0,1.0,1.0,0.0,0.0,1.0,0.0,0.0,0.0,1.0,0.0,1.0,0.0,1.0,1.0
46,472479,C,14120,277.0,144.0,mastercard,197.0,credit,NotFound,NotFound,>=3027949.25,<125,1.0,1.0,0.0,1.0,0.0,1.0,1.0,1.0,0.0,1.0,1.0,1.0,1.0,1.0
47,472480,W,15160,555.0,150.0,visa,226.0,debit,315.0,87.0,>=3027949.25,<125,2.0,5.0,0.0,0.0,3.0,1.0,0.0,0.0,2.0,0.0,1.0,0.0,11.0,2.0
48,472481,H,2803,100.0,150.0,visa,226.0,debit,264.0,87.0,>=3027949.25,<125,1.0,1.0,0.0,1.0,0.0,1.0,0.0,1.0,0.0,1.0,1.0,0.0,1.0,1.0
49,472482,C,15885,545.0,185.0,visa,138.0,debit,NotFound,NotFound,>=3027949.25,<125,1.0,1.0,0.0,1.0,0.0,1.0,1.0,1.0,0.0,0.0,1.0,1.0,1.0,1.0
50,472483,W,6394,NotFound,NotFound,NotFound,NotFound,NotFound,203.0,87.0,>=3027949.25,<125,1.0,1.0,0.0,0.0,1.0,1.0,0.0,0.0,1.0,0.0,1.0,0.0,5.0,1.0
51,472484,W,12544,321.0,150.0,visa,226.0,debit,337.0,87.0,>=3027949.25,<125,4.0,4.0,0.0,0.0,4.0,4.0,0.0,0.0,2.0,0.0,3.0,0.0,29.0,4.0
52,472485,H,1592,399.0,150.0,american express,150.0,credit,299.0,87.0,>=3027949.25,<125,2.0,1.0,0.0,2.0,0.0,2.0,0.0,3.0,0.0,2.0,2.0,0.0,4.0,2.0
53,472486,C,10568,204.0,185.0,visa,226.0,credit,NotFound,NotFound,>=3027949.25,<125,1.0,3.0,0.0,1.0,0.0,1.0,1.0,1.0,0.0,1.0,1.0,1.0,1.0,1.0
54,472487,W,12738,543.0,150.0,mastercard,224.0,debit,191.0,87.0,>=3027949.25,<125,1.0,1.0,0.0,0.0,1.0,1.0,0.0,0.0,2.0,0.0,2.0,0.0,6.0,1.0
55,472488,S,16779,494.0,150.0,visa,226.0,credit,123.0,87.0,<3027949.25,<125,1.0,1.0,0.0,1.0,0.0,0.0,0.0,1.0,0.0,1.0,1.0,0.0,1.0,1.0
56,472489,W,5729,360.0,150.0,visa,166.0,debit,476.0,87.0,>=3027949.25,<125,1.0,2.0,0.0,0.0,0.0,1.0,0.0,0.0,1.0,0.0,1.0,0.0,3.0,1.0
57,472490,W,12581,453.0,150.0,visa,226.0,debit,110.0,87.0,>=3027949.25,<125,2.0,1.0,0.0,0.0,0.0,3.0,0.0,0.0,2.0,0.0,3.0,0.0,1.0,1.0
58,472491,W,18132,567.0,150.0,mastercard,117.0,debit,204.0,87.0,>=3027949.25,<125,3.0,2.0,0.0,0.0,2.0,3.0,0.0,0.0,1.0,0.0,2.0,0.0,7.0,3.0
59,472492,W,10112,360.0,150.0,visa,166.0,debit,184.0,87.0,>=3027949.25,<125,6.0,7.0,0.0,0.0,2.0,7.0,0.0,0.0,6.0,0.0,6.0,0.0,8.0,6.0
60,472493,W,18268,583.0,150.0,visa,226.0,credit,191.0,87.0,>=3027949.25,>=125.0,4.0,4.0,0.0,0.0,0.0,3.0,0.0,0.0,4.0,0.0,2.0,0.0,11.0,4.0
61,472494,W,17262,578.0,150.0,mastercard,166.0,debit,205.0,87.0,>=3027949.25,<125,1.0,2.0,0.0,0.0,0.0,2.0,0.0,0.0,1.0,0.0,1.0,0.0,2.0,1.0
62,472495,W,7508,321.0,150.0,visa,226.0,debit,512.0,87.0,<3027949.25,<125,2.0,1.0,0.0,0.0,0.0,1.0,0.0,0.0,1.0,0.0,1.0,0.0,16.0,1.0
63,472496,W,10112,360.0,150.0,visa,166.0,debit,330.0,87.0,>=3027949.25,<125,7.0,6.0,0.0,0.0,4.0,1.0,0.0,0.0,6.0,0.0,4.0,0.0,36.0,7.0
64,472497,W,5629,490.0,150.0,visa,226.0,debit,325.0,87.0,>=3027949.25,<125,4.0,3.0,0.0,0.0,0.0,3.0,0.0,0.0,2.0,0.0,2.0,0.0,6.0,2.0
65,472498,W,15662,369.0,150.0,mastercard,224.0,debit,181.0,87.0,<3027949.25,>=125.0,1.0,1.0,0.0,0.0,2.0,1.0,0.0,0.0,1.0,0.0,1.0,0.0,16.0,1.0
66,472499,C,17394,351.0,106.0,visa,137.0,debit,NotFound,NotFound,<3027949.25,<125,1.0,1.0,0.0,1.0,0.0,1.0,1.0,1.0,0.0,1.0,1.0,1.0,1.0,1.0
67,472500,W,6170,174.0,150.0,visa,226.0,debit,315.0,87.0,>=3027949.25,<125,1.0,1.0,0.0,0.0,1.0,1.0,0.0,0.0,1.0,0.0,1.0,0.0,2.0,1.0
68,472501,W,13249,111.0,150.0,visa,226.0,debit,264.0,87.0,<3027949.25,>=125.0,1.0,1.0,0.0,0.0,0.0,1.0,0.0,0.0,1.0,0.0,1.0,0.0,12.0,1.0
69,472502,W,11157,215.0,150.0,visa,226.0,debit,433.0,87.0,>=3027949.25,<125,4.0,2.0,0.0,0.0,1.0,2.0,0.0,0.0,1.0,0.0,2.0,0.0,12.0,3.0
70,472503,W,6473,555.0,150.0,visa,226.0,credit,476.0,87.0,>=3027949.25,<125,2.0,1.0,0.0,0.0,0.0,3.0,0.0,0.0,1.0,0.0,1.0,0.0,11.0,2.0
71,472504,W,17188,321.0,150.0,visa,226.0,debit,485.0,87.0,>=3027949.25,<125,5.0,3.0,0.0,0.0,2.0,2.0,0.0,0.0,3.0,0.0,2.0,0.0,20.0,4.0
72,472505,W,11162,346.0,150.0,mastercard,224.0,debit,299.0,87.0,>=3027949.25,<125,3.0,8.0,0.0,0.0,0.0,2.0,0.0,0.0,2.0,0.0,4.0,0.0,55.0,3.0
73,472506,W,10948,215.0,150.0,visa,226.0,debit,498.0,87.0,<3027949.25,>=125.0,1.0,1.0,0.0,0.0,0.0,2.0,0.0,0.0,1.0,0.0,1.0,0.0,2.0,1.0
74,472507,W,14683,111.0,150.0,visa,226.0,debit,191.0,87.0,>=3027949.25,<125,1.0,1.0,0.0,0.0,1.0,0.0,0.0,0.0,1.0,0.0,1.0,0.0,2.0,1.0
75,472508,W,8320,476.0,150.0,visa,166.0,debit,299.0,87.0,>=3027949.25,<125,12.0,8.0,0.0,0.0,9.0,5.0,0.0,0.0,8.0,0.0,7.0,0.0,57.0,9.0
76,472509,W,8900,385.0,150.0,visa,226.0,debit,231.0,87.0,>=3027949.25,<125,1.0,1.0,0.0,0.0,0.0,1.0,0.0,0.0,1.0,0.0,1.0,0.0,2.0,1.0
77,472510,W,4272,111.0,150.0,visa,226.0,debit,299.0,87.0,>=3027949.25,<125,2.0,2.0,0.0,0.0,2.0,2.0,0.0,0.0,2.0,0.0,2.0,0.0,16.0,2.0
78,472511,W,2884,490.0,150.0,visa,226.0,debit,264.0,87.0,<3027949.25,<125,98.0,77.0,0.0,0.0,123.0,65.0,0.0,0.0,60.0,0.0,62.0,0.0,410.0,82.0
79,472512,R,9112,250.0,150.0,visa,226.0,debit,441.0,87.0,<3027949.25,>=125.0,1.0,1.0,0.0,1.0,0.0,1.0,0.0,1.0,0.0,1.0,1.0,0.0,1.0,1.0
80,472513,W,12501,490.0,150.0,visa,226.0,debit,181.0,87.0,>=3027949.25,<125,1.0,2.0,0.0,0.0,0.0,2.0,0.0,0.0,1.0,0.0,1.0,1.0,26.0,1.0
81,472514,C,8755,500.0,185.0,mastercard,224.0,credit,NotFound,NotFound,>=3027949.25,<125,1.0,4.0,0.0,1.0,0.0,1.0,1.0,1.0,0.0,3.0,2.0,2.0,2.0,1.0
82,472515,W,15066,170.0,150.0,mastercard,102.0,credit,476.0,87.0,<3027949.25,<125,2.0,1.0,0.0,0.0,0.0,2.0,0.0,0.0,1.0,0.0,1.0,0.0,2.0,1.0
83,472516,S,15066,170.0,150.0,mastercard,102.0,credit,337.0,87.0,>=3027949.25,<125,2.0,2.0,0.0,1.0,0.0,0.0,0.0,1.0,0.0,1.0,1.0,0.0,7.0,2.0
84,472517,W,10706,555.0,150.0,visa,226.0,debit,436.0,87.0,>=3027949.25,>=125.0,1.0,1.0,0.0,0.0,1.0,1.0,0.0,0.0,1.0,0.0,1.0,0.0,12.0,1.0
85,472518,W,5355,360.0,150.0,visa,166.0,debit,204.0,87.0,>=3027949.25,<125,1.0,1.0,0.0,0.0,0.0,0.0,0.0,0.0,1.0,0.0,1.0,0.0,1.0,1.0
86,472519,S,15066,170.0,150.0,mastercard,102.0,credit,330.0,87.0,>=3027949.25,<125,2.0,2.0,0.0,1.0,0.0,0.0,0.0,9.0,0.0,3.0,2.0,0.0,21.0,2.0
87,472520,H,7585,553.0,150.0,visa,226.0,credit,299.0,87.0,>=3027949.25,<125,1.0,1.0,0.0,1.0,0.0,1.0,0.0,1.0,0.0,1.0,1.0,0.0,0.0,0.0
88,472521,W,7919,194.0,150.0,mastercard,166.0,debit,181.0,87.0,>=3027949.25,<125,1.0,2.0,0.0,0.0,0.0,2.0,0.0,0.0,1.0,0.0,2.0,0.0,8.0,1.0
89,472522,W,4854,225.0,150.0,mastercard,219.0,debit,123.0,87.0,<3027949.25,<125,1.0,1.0,0.0,0.0,0.0,1.0,0.0,0.0,1.0,0.0,1.0,0.0,1.0,1.0
90,472523,W,12695,490.0,150.0,visa,226.0,debit,325.0,87.0,>=3027949.25,<125,1.0,1.0,0.0,0.0,0.0,0.0,0.0,0.0,1.0,0.0,1.0,0.0,3.0,1.0
91,472524,C,3154,408.0,185.0,mastercard,224.0,debit,167.0,60.0,<3027949.25,<125,3.0,4.0,0.0,2.0,0.0,2.0,2.0,2.0,0.0,4.0,3.0,3.0,4.0,3.0
92,472525,W,9480,170.0,150.0,visa,226.0,debit,272.0,87.0,>=3027949.25,<125,7.0,12.0,0.0,0.0,0.0,5.0,0.0,0.0,6.0,0.0,2.0,1.0,13.0,5.0
93,472526,R,10486,514.0,150.0,mastercard,219.0,credit,181.0,87.0,<3027949.25,>=125.0,1.0,1.0,0.0,1.0,0.0,1.0,0.0,1.0,0.0,1.0,1.0,0.0,1.0,1.0
94,472527,H,1234,555.0,156.0,visa,226.0,debit,296.0,34.0,<3027949.25,<125,1.0,1.0,0.0,1.0,0.0,1.0,0.0,1.0,0.0,1.0,1.0,0.0,1.0,1.0
95,472528,W,6019,583.0,150.0,visa,226.0,credit,325.0,87.0,>=3027949.25,>=125.0,1.0,1.0,0.0,0.0,1.0,1.0,0.0,0.0,1.0,0.0,1.0,0.0,1.0,1.0
96,472529,W,14649,548.0,150.0,visa,226.0,debit,476.0,87.0,>=3027949.25,>=125.0,1.0,1.0,0.0,0.0,0.0,1.0,0.0,0.0,1.0,0.0,1.0,0.0,1.0,1.0
97,472530,W,12544,321.0,150.0,visa,226.0,debit,441.0,87.0,>=3027949.25,>=125.0,136.0,121.0,0.0,0.0,162.0,95.0,0.0,0.0,82.0,0.0,89.0,0.0,554.0,119.0
98,472531,W,12839,321.0,150.0,visa,226.0,debit,264.0,87.0,>=3027949.25,<125,2.0,2.0,0.0,0.0,3.0,1.0,0.0,0.0,1.0,0.0,1.0,0.0,11.0,2.0
99,472532,W,10454,555.0,150.0,visa,166.0,debit,272.0,87.0,>=3027949.25,<125,3.0,3.0,0.0,0.0,1.0,0.0,0.0,0.0,3.0,0.0,2.0,0.0,16.0,3.0
100,472533,W,11849,271.0,150.0,visa,226.0,debit,330.0,87.0,>=3027949.25,<125,5.0,5.0,0.0,0.0,1.0,3.0,0.0,0.0,5.0,0.0,3.0,0.0,28.0,5.0
101,472534,S,18027,555.0,150.0,visa,226.0,debit,330.0,87.0,>=3027949.25,>=125.0,2.0,2.0,0.0,1.0,0.0,0.0,0.0,3.0,0.0,1.0,2.0,0.0,5.0,2.0
102,472535,W,14163,NotFound,150.0,visa,226.0,debit,204.0,87.0,<3027949.25,>=125.0,1.0,1.0,0.0,0.0,0.0,1.0,0.0,0.0,1.0,0.0,1.0,0.0,1.0,1.0
103,472536,C,1164,545.0,185.0,visa,137.0,debit,NotFound,NotFound,<3027949.25,<125,3.0,3.0,0.0,1.0,0.0,1.0,1.0,1.0,0.0,1.0,1.0,1.0,1.0,1.0
104,472537,H,1359,314.0,150.0,mastercard,224.0,debit,299.0,87.0,<3027949.25,<125,2.0,1.0,0.0,0.0,0.0,1.0,0.0,1.0,0.0,1.0,1.0,0.0,1.0,1.0
105,472538,R,12544,321.0,150.0,visa,226.0,debit,494.0,87.0,<3027949.25,<125,1.0,1.0,0.0,1.0,0.0,1.0,0.0,1.0,0.0,1.0,1.0,0.0,1.0,1.0
106,472539,W,3827,369.0,150.0,mastercard,117.0,debit,181.0,87.0,>=3027949.25,>=125.0,1.0,1.0,0.0,0.0,0.0,1.0,0.0,0.0,0.0,0.0,1.0,0.0,1.0,1.0
107,472540,W,17729,300.0,150.0,visa,166.0,debit,184.0,87.0,>=3027949.25,>=125.0,5.0,5.0,0.0,0.0,1.0,3.0,0.0,0.0,2.0,0.0,2.0,0.0,39.0,4.0
108,472541,W,1974,111.0,150.0,visa,226.0,debit,184.0,87.0,>=3027949.25,<125,1.0,2.0,0.0,0.0,0.0,1.0,0.0,0.0,2.0,0.0,2.0,0.0,1.0,1.0
109,472542,W,6174,490.0,150.0,visa,226.0,debit,387.0,87.0,>=3027949.25,<125,2.0,2.0,0.0,0.0,2.0,1.0,0.0,0.0,2.0,0.0,1.0,0.0,4.0,2.0
110,472543,W,8505,555.0,150.0,visa,226.0,credit,220.0,87.0,>=3027949.25,<125,1.0,2.0,0.0,0.0,0.0,1.0,0.0,0.0,1.0,0.0,1.0,1.0,2.0,1.0
111,472544,C,5812,408.0,185.0,mastercard,224.0,debit,NotFound,NotFound,>=3027949.25,<125,1.0,2.0,0.0,1.0,0.0,1.0,1.0,1.0,0.0,1.0,1.0,1.0,1.0,1.0
112,472545,W,1342,514.0,150.0,mastercard,224.0,debit,325.0,87.0,>=3027949.25,<125,5.0,2.0,0.0,0.0,0.0,1.0,0.0,0.0,1.0,0.0,2.0,0.0,13.0,5.0
113,472546,W,12260,236.0,150.0,visa,226.0,debit,264.0,87.0,>=3027949.25,<125,1.0,1.0,0.0,0.0,0.0,1.0,0.0,0.0,1.0,0.0,1.0,0.0,2.0,1.0
114,472547,W,3277,111.0,150.0,visa,226.0,debit,231.0,87.0,>=3027949.25,<125,1.0,1.0,0.0,0.0,0.0,1.0,0.0,0.0,1.0,0.0,1.0,0.0,1.0,1.0
115,472548,W,3178,490.0,150.0,visa,226.0,debit,299.0,87.0,>=3027949.25,<125,1.0,3.0,0.0,0.0,0.0,3.0,0.0,0.0,1.0,0.0,2.0,0.0,26.0,1.0
116,472549,C,4461,375.0,185.0,mastercard,224.0,debit,NotFound,NotFound,<3027949.25,<125,1.0,1.0,0.0,1.0,0.0,1.0,1.0,1.0,0.0,1.0,1.0,1.0,1.0,1.0
117,472550,W,17188,321.0,150.0,visa,226.0,debit,299.0,87.0,>=3027949.25,<125,1.0,1.0,0.0,0.0,1.0,1.0,0.0,0.0,1.0,0.0,1.0,0.0,1.0,1.0
118,472551,W,2803,100.0,150.0,visa,226.0,debit,325.0,87.0,>=3027949.25,>=125.0,1.0,1.0,0.0,0.0,2.0,2.0,0.0,0.0,1.0,0.0,1.0,0.0,2.0,1.0
119,472552,W,1974,111.0,150.0,visa,226.0,debit,184.0,87.0,<3027949.25,<125,1.0,1.0,0.0,0.0,2.0,1.0,0.0,0.0,1.0,0.0,2.0,0.0,14.0,1.0
120,472553,W,2772,512.0,150.0,visa,226.0,debit,143.0,87.0,>=3027949.25,<125,1.0,1.0,0.0,0.0,0.0,1.0,0.0,0.0,1.0,0.0,1.0,0.0,1.0,1.0
121,472554,C,16346,324.0,185.0,visa,226.0,credit,NotFound,NotFound,>=3027949.25,<125,2.0,3.0,0.0,1.0,0.0,1.0,1.0,3.0,0.0,3.0,2.0,2.0,3.0,2.0
122,472555,W,3682,264.0,150.0,visa,226.0,credit,272.0,87.0,<3027949.25,>=125.0,2.0,1.0,0.0,0.0,0.0,1.0,0.0,0.0,1.0,0.0,1.0,0.0,3.0,2.0
123,472556,W,17131,111.0,150.0,mastercard,224.0,debit,264.0,87.0,<3027949.25,<125,44.0,37.0,0.0,0.0,33.0,27.0,0.0,0.0,27.0,0.0,23.0,0.0,186.0,34.0
124,472557,W,5958,310.0,150.0,mastercard,224.0,debit,498.0,87.0,>=3027949.25,<125,173.0,173.0,0.0,0.0,181.0,125.0,0.0,0.0,113.0,0.0,121.0,0.0,575.0,136.0
125,472558,H,16075,514.0,150.0,mastercard,102.0,credit,441.0,87.0,<3027949.25,<125,1.0,1.0,0.0,1.0,0.0,1.0,0.0,1.0,0.0,1.0,1.0,0.0,1.0,1.0
126,472559,W,15230,555.0,150.0,visa,226.0,credit,205.0,87.0,>=3027949.25,>=125.0,1.0,1.0,0.0,0.0,1.0,1.0,0.0,0.0,1.0,0.0,1.0,0.0,1.0,1.0
127,472560,W,16873,343.0,150.0,visa,226.0,credit,269.0,87.0,>=3027949.25,>=125.0,3.0,3.0,0.0,0.0,1.0,1.0,0.0,0.0,2.0,0.0,2.0,0.0,9.0,3.0
128,472561,W,7508,321.0,150.0,visa,226.0,debit,110.0,87.0,<3027949.25,<125,15.0,14.0,0.0,0.0,10.0,9.0,0.0,0.0,8.0,0.0,10.0,0.0,85.0,14.0
129,472562,W,7835,361.0,150.0,visa,226.0,debit,472.0,87.0,>=3027949.25,<125,176.0,149.0,0.0,0.0,211.0,130.0,0.0,0.0,116.0,0.0,114.0,0.0,708.0,150.0
130,472563,W,17188,321.0,150.0,visa,226.0,debit,299.0,87.0,>=3027949.25,<125,2.0,3.0,0.0,0.0,3.0,3.0,0.0,0.0,2.0,0.0,2.0,0.0,10.0,2.0
131,472564,W,16075,514.0,150.0,mastercard,102.0,credit,325.0,87.0,>=3027949.25,<125,117.0,117.0,0.0,0.0,63.0,87.0,0.0,0.0,72.0,0.0,99.0,0.0,322.0,77.0
132,472565,W,6053,122.0,150.0,mastercard,195.0,debit,472.0,87.0,<3027949.25,>=125.0,1.0,1.0,0.0,0.0,1.0,1.0,0.0,0.0,1.0,0.0,1.0,0.0,1.0,1.0
133,472566,C,3846,555.0,135.0,mastercard,224.0,credit,NotFound,NotFound,>=3027949.25,<125,1.0,4.0,0.0,1.0,0.0,1.0,1.0,2.0,0.0,2.0,1.0,1.0,4.0,1.0
134,472567,C,12778,500.0,185.0,mastercard,224.0,credit,NotFound,NotFound,>=3027949.25,<125,2.0,5.0,0.0,1.0,0.0,1.0,1.0,1.0,0.0,2.0,2.0,2.0,2.0,1.0
135,472568,H,2103,399.0,150.0,american express,137.0,credit,387.0,87.0,>=3027949.25,<125,2.0,1.0,0.0,1.0,0.0,1.0,0.0,1.0,0.0,1.0,1.0,0.0,1.0,1.0
136,472569,W,7508,321.0,150.0,visa,226.0,debit,512.0,87.0,>=3027949.25,<125,1.0,1.0,0.0,0.0,0.0,1.0,0.0,0.0,0.0,0.0,1.0,0.0,1.0,1.0
137,472570,W,18370,547.0,150.0,visa,226.0,debit,191.0,87.0,>=3027949.25,<125,101.0,93.0,0.0,0.0,120.0,82.0,0.0,0.0,66.0,0.0,73.0,0.0,403.0,75.0
138,472571,W,14098,481.0,150.0,mastercard,195.0,debit,325.0,87.0,<3027949.25,>=125.0,3.0,2.0,0.0,0.0,0.0,2.0,0.0,0.0,1.0,0.0,2.0,0.0,15.0,3.0
139,472572,W,5122,555.0,150.0,visa,226.0,debit,269.0,87.0,>=3027949.25,>=125.0,132.0,126.0,0.0,0.0,112.0,98.0,0.0,0.0,79.0,0.0,91.0,0.0,391.0,108.0
140,472573,W,1546,111.0,150.0,visa,226.0,debit,204.0,87.0,>=3027949.25,>=125.0,1.0,1.0,0.0,0.0,0.0,2.0,0.0,0.0,1.0,0.0,1.0,0.0,7.0,1.0
141,472574,W,16657,502.0,150.0,visa,226.0,debit,181.0,87.0,>=3027949.25,<125,1.0,2.0,0.0,0.0,1.0,2.0,0.0,0.0,1.0,0.0,1.0,0.0,1.0,1.0
142,472575,W,10057,225.0,150.0,mastercard,224.0,debit,441.0,87.0,>=3027949.25,<125,1.0,1.0,0.0,0.0,1.0,0.0,0.0,0.0,1.0,0.0,1.0,0.0,1.0,1.0
143,472576,H,10447,490.0,150.0,visa,226.0,debit,315.0,87.0,<3027949.25,<125,1.0,1.0,0.0,1.0,0.0,1.0,0.0,1.0,0.0,1.0,1.0,0.0,1.0,1.0
144,472577,W,9197,555.0,150.0,mastercard,117.0,debit,498.0,87.0,<3027949.25,<125,7.0,6.0,0.0,0.0,4.0,4.0,0.0,0.0,4.0,0.0,6.0,0.0,19.0,4.0
145,472578,W,7076,121.0,150.0,visa,226.0,debit,269.0,87.0,<3027949.25,<125,4.0,6.0,0.0,0.0,1.0,1.0,0.0,0.0,4.0,0.0,3.0,0.0,30.0,3.0
146,472579,H,6019,583.0,150.0,visa,226.0,credit,264.0,87.0,<3027949.25,<125,1.0,1.0,0.0,1.0,0.0,1.0,0.0,1.0,0.0,1.0,1.0,0.0,1.0,1.0
147,472580,W,1546,111.0,150.0,visa,226.0,debit,204.0,87.0,<3027949.25,<125,3.0,4.0,0.0,0.0,3.0,5.0,0.0,0.0,3.0,0.0,3.0,0.0,6.0,2.0
148,472581,W,16560,476.0,150.0,visa,166.0,debit,315.0,87.0,>=3027949.25,<125,8.0,7.0,0.0,0.0,6.0,6.0,0.0,0.0,4.0,0.0,6.0,0.0,35.0,5.0
149,472582,W,11106,100.0,150.0,visa,226.0,credit,441.0,87.0,<3027949.25,>=125.0,20.0,15.0,0.0,0.0,7.0,17.0,0.0,0.0,15.0,0.0,13.0,0.0,77.0,17.0
150,472583,W,14203,287.0,150.0,mastercard,102.0,credit,184.0,87.0,>=3027949.25,<125,127.0,114.0,0.0,0.0,103.0,93.0,0.0,0.0,91.0,0.0,101.0,0.0,396.0,99.0
151,472584,W,13307,428.0,150.0,visa,166.0,debit,315.0,87.0,>=3027949.25,<125,2.0,2.0,0.0,0.0,1.0,1.0,0.0,0.0,2.0,0.0,1.0,0.0,2.0,2.0
152,472585,W,6053,122.0,150.0,mastercard,195.0,debit,310.0,87.0,>=3027949.25,>=125.0,2.0,4.0,0.0,0.0,0.0,2.0,0.0,0.0,1.0,0.0,1.0,0.0,11.0,2.0
153,472586,W,9992,455.0,150.0,mastercard,166.0,debit,191.0,87.0,>=3027949.25,>=125.0,1.0,1.0,0.0,0.0,1.0,1.0,0.0,0.0,0.0,0.0,1.0,0.0,1.0,1.0
154,472587,W,13481,445.0,150.0,mastercard,224.0,debit,325.0,87.0,>=3027949.25,>=125.0,2.0,1.0,0.0,0.0,0.0,1.0,0.0,0.0,1.0,0.0,1.0,0.0,8.0,2.0
155,472588,H,1894,194.0,150.0,mastercard,166.0,debit,226.0,87.0,<3027949.25,>=125.0,1.0,1.0,0.0,0.0,0.0,1.0,0.0,1.0,0.0,1.0,1.0,0.0,0.0,0.0
156,472589,W,8501,111.0,150.0,visa,226.0,credit,220.0,87.0,<3027949.25,>=125.0,1.0,1.0,0.0,0.0,0.0,1.0,0.0,0.0,1.0,0.0,1.0,0.0,1.0,1.0
157,472590,W,16497,555.0,150.0,visa,226.0,debit,512.0,87.0,>=3027949.25,>=125.0,3.0,2.0,0.0,0.0,0.0,1.0,0.0,0.0,1.0,0.0,1.0,0.0,0.0,0.0
158,472591,W,16770,310.0,150.0,mastercard,224.0,debit,498.0,87.0,>=3027949.25,>=125.0,2.0,1.0,0.0,0.0,0.0,1.0,0.0,0.0,2.0,0.0,2.0,1.0,5.0,2.0
159,472592,W,17794,390.0,150.0,mastercard,224.0,debit,269.0,87.0,<3027949.25,<125,7.0,6.0,0.0,0.0,1.0,7.0,0.0,0.0,4.0,0.0,7.0,0.0,21.0,4.0
160,472593,W,4702,111.0,150.0,mastercard,224.0,debit,476.0,87.0,>=3027949.25,<125,4.0,2.0,0.0,0.0,2.0,2.0,0.0,0.0,2.0,0.0,3.0,0.0,9.0,4.0
161,472594,C,11201,103.0,185.0,visa,226.0,debit,NotFound,NotFound,>=3027949.25,<125,1.0,1.0,0.0,1.0,0.0,1.0,1.0,1.0,0.0,1.0,1.0,1.0,1.0,1.0
162,472595,W,7919,194.0,150.0,mastercard,202.0,debit,441.0,87.0,<3027949.25,<125,1.0,1.0,0.0,0.0,0.0,1.0,0.0,0.0,1.0,0.0,1.0,0.0,1.0,1.0
163,472596,W,15111,310.0,150.0,mastercard,224.0,debit,272.0,87.0,>=3027949.25,<125,154.0,141.0,0.0,0.0,117.0,125.0,0.0,0.0,98.0,0.0,126.0,0.0,398.0,115.0
164,472597,W,11839,490.0,150.0,visa,226.0,debit,194.0,87.0,>=3027949.25,<125,1.0,1.0,0.0,0.0,0.0,1.0,0.0,0.0,1.0,0.0,1.0,0.0,1.0,1.0
165,472598,W,16659,170.0,150.0,visa,226.0,credit,299.0,87.0,>=3027949.25,>=125.0,1.0,1.0,0.0,0.0,0.0,1.0,0.0,0.0,0.0,0.0,1.0,0.0,1.0,1.0
166,472599,W,10776,512.0,150.0,visa,166.0,debit,123.0,87.0,<3027949.25,<125,3.0,3.0,0.0,0.0,0.0,2.0,0.0,0.0,1.0,0.0,2.0,0.0,5.0,3.0
167,472600,W,13366,437.0,150.0,visa,226.0,debit,337.0,87.0,>=3027949.25,<125,1.0,1.0,0.0,0.0,1.0,1.0,0.0,0.0,0.0,0.0,1.0,0.0,1.0,1.0
168,472601,W,13249,111.0,150.0,visa,226.0,debit,264.0,87.0,>=3027949.25,<125,1.0,1.0,0.0,0.0,3.0,2.0,0.0,0.0,1.0,0.0,1.0,0.0,4.0,1.0
169,472602,H,5273,555.0,150.0,visa,226.0,debit,315.0,87.0,<3027949.25,<125,1.0,1.0,0.0,0.0,0.0,1.0,0.0,1.0,0.0,1.0,1.0,0.0,0.0,0.0
170,472603,W,18132,567.0,150.0,mastercard,117.0,debit,184.0,87.0,>=3027949.25,>=125.0,3.0,3.0,0.0,0.0,1.0,2.0,0.0,0.0,0.0,0.0,3.0,0.0,4.0,3.0
171,472604,W,1313,555.0,150.0,visa,226.0,debit,485.0,87.0,>=3027949.25,<125,1.0,1.0,0.0,0.0,0.0,1.0,0.0,0.0,0.0,0.0,1.0,0.0,1.0,1.0
172,472605,C,15885,545.0,185.0,visa,138.0,debit,NotFound,NotFound,>=3027949.25,<125,1.0,1.0,0.0,1.0,0.0,1.0,1.0,1.0,0.0,1.0,1.0,1.0,1.0,1.0
173,472606,C,9633,296.0,185.0,visa,138.0,debit,NotFound,NotFound,>=3027949.25,<125,2.0,3.0,0.0,1.0,0.0,1.0,1.0,1.0,0.0,1.0,1.0,1.0,1.0,1.0
174,472607,R,6019,583.0,150.0,visa,226.0,credit,204.0,87.0,>=3027949.25,<125,2.0,3.0,0.0,2.0,0.0,1.0,0.0,5.0,0.0,2.0,2.0,0.0,5.0,1.0
175,472608,W,6530,206.0,150.0,mastercard,126.0,debit,498.0,87.0,>=3027949.25,<125,20.0,17.0,0.0,0.0,1.0,10.0,0.0,0.0,11.0,0.0,14.0,0.0,27.0,14.0
176,472609,W,8695,170.0,150.0,visa,226.0,credit,204.0,87.0,>=3027949.25,<125,2.0,1.0,0.0,0.0,1.0,3.0,0.0,0.0,1.0,0.0,1.0,0.0,7.0,2.0
177,472610,W,15651,417.0,150.0,visa,226.0,debit,330.0,87.0,>=3027949.25,<125,1.0,1.0,0.0,0.0,1.0,1.0,0.0,0.0,1.0,0.0,1.0,0.0,1.0,1.0
178,472611,R,3944,225.0,150.0,mastercard,195.0,credit,327.0,87.0,>=3027949.25,<125,1.0,1.0,0.0,1.0,0.0,1.0,0.0,1.0,0.0,1.0,1.0,0.0,1.0,1.0
179,472612,C,2801,296.0,185.0,visa,137.0,credit,NotFound,NotFound,<3027949.25,>=125.0,3732.0,4094.0,0.0,1798.0,0.0,1798.0,1799.0,2784.0,0.0,2696.0,2528.0,2528.0,2386.0,1163.0
180,472613,R,16659,170.0,150.0,visa,226.0,credit,204.0,87.0,>=3027949.25,<125,1.0,1.0,0.0,1.0,0.0,1.0,0.0,1.0,0.0,1.0,1.0,0.0,1.0,1.0
181,472614,W,7815,161.0,150.0,mastercard,117.0,debit,204.0,87.0,>=3027949.25,<125,1.0,1.0,0.0,0.0,0.0,1.0,0.0,0.0,0.0,0.0,1.0,0.0,1.0,1.0
182,472615,C,15944,266.0,185.0,mastercard,137.0,credit,NotFound,NotFound,<3027949.25,<125,1.0,1.0,0.0,1.0,0.0,1.0,1.0,1.0,0.0,1.0,1.0,1.0,1.0,1.0
183,472616,W,10057,225.0,150.0,mastercard,224.0,debit,315.0,87.0,>=3027949.25,<125,12.0,14.0,0.0,0.0,11.0,10.0,0.0,0.0,15.0,0.0,9.0,0.0,68.0,12.0
184,472617,W,9175,111.0,150.0,visa,226.0,debit,126.0,87.0,>=3027949.25,>=125.0,1.0,1.0,0.0,0.0,1.0,0.0,0.0,0.0,0.0,0.0,1.0,0.0,1.0,1.0
185,472618,W,15406,170.0,150.0,visa,226.0,credit,275.0,87.0,>=3027949.25,<125,1.0,1.0,0.0,0.0,0.0,0.0,0.0,0.0,1.0,0.0,1.0,0.0,1.0,1.0
186,472619,W,13366,437.0,150.0,visa,226.0,debit,337.0,87.0,>=3027949.25,<125,1.0,1.0,0.0,0.0,1.0,0.0,0.0,0.0,0.0,0.0,1.0,0.0,1.0,1.0
187,472620,H,15066,170.0,150.0,mastercard,102.0,credit,143.0,87.0,<3027949.25,<125,1.0,1.0,0.0,1.0,0.0,1.0,0.0,1.0,0.0,1.0,1.0,0.0,1.0,1.0
188,472621,W,2157,111.0,150.0,visa,226.0,debit,512.0,87.0,>=3027949.25,>=125.0,1.0,3.0,0.0,0.0,0.0,2.0,0.0,0.0,1.0,0.0,2.0,0.0,0.0,0.0
189,472622,W,17185,327.0,150.0,discover,166.0,debit,315.0,87.0,>=3027949.25,<125,1.0,1.0,0.0,0.0,2.0,1.0,0.0,0.0,0.0,0.0,1.0,0.0,2.0,1.0
190,472623,W,6415,455.0,150.0,mastercard,126.0,debit,324.0,87.0,>=3027949.25,<125,1.0,1.0,0.0,0.0,0.0,1.0,0.0,0.0,1.0,0.0,1.0,0.0,1.0,1.0
191,472624,W,17055,393.0,150.0,mastercard,117.0,debit,231.0,87.0,>=3027949.25,>=125.0,98.0,110.0,0.0,0.0,104.0,86.0,0.0,0.0,71.0,0.0,80.0,0.0,560.0,89.0
192,472625,W,7800,268.0,150.0,visa,166.0,debit,204.0,87.0,<3027949.25,<125,1.0,1.0,0.0,0.0,0.0,1.0,0.0,0.0,1.0,0.0,1.0,0.0,0.0,0.0
193,472626,C,13832,375.0,185.0,mastercard,224.0,debit,NotFound,NotFound,>=3027949.25,<125,3.0,9.0,0.0,1.0,0.0,1.0,1.0,2.0,0.0,2.0,2.0,2.0,8.0,1.0
194,472627,H,8394,490.0,150.0,visa,226.0,debit,325.0,87.0,<3027949.25,<125,1.0,1.0,0.0,0.0,0.0,1.0,0.0,1.0,0.0,1.0,1.0,0.0,1.0,1.0
195,472628,W,4115,568.0,150.0,visa,226.0,debit,330.0,87.0,>=3027949.25,<125,1.0,2.0,0.0,0.0,0.0,3.0,0.0,0.0,4.0,0.0,1.0,0.0,36.0,1.0
196,472629,W,12695,490.0,150.0,visa,226.0,debit,308.0,87.0,>=3027949.25,<125,3.0,6.0,0.0,0.0,0.0,1.0,0.0,0.0,2.0,0.0,1.0,0.0,28.0,3.0
197,472630,W,12544,321.0,150.0,visa,226.0,debit,441.0,87.0,<3027949.25,<125,1.0,1.0,0.0,0.0,1.0,0.0,0.0,0.0,0.0,0.0,1.0,0.0,4.0,1.0
198,472631,W,12711,555.0,150.0,visa,226.0,debit,494.0,87.0,>=3027949.25,<125,4.0,3.0,0.0,0.0,4.0,3.0,0.0,0.0,3.0,0.0,3.0,0.0,6.0,4.0
199,472632,W,2884,490.0,150.0,visa,226.0,debit,315.0,87.0,>=3027949.25,<125,3.0,3.0,0.0,0.0,2.0,2.0,0.0,0.0,4.0,0.0,3.0,0.0,8.0,2.0
200,472633,W,6054,327.0,150.0,discover,NotFound,credit,204.0,87.0,>=3027949.25,>=125.0,2.0,1.0,0.0,0.0,0.0,3.0,0.0,0.0,1.0,0.0,1.0,0.0,1.0,1.0
201,472634,W,9500,321.0,150.0,visa,226.0,debit,330.0,87.0,>=3027949.25,>=125.0,1.0,1.0,0.0,0.0,0.0,1.0,0.0,0.0,1.0,0.0,1.0,1.0,8.0,1.0
202,472635,W,9537,583.0,150.0,visa,226.0,credit,325.0,87.0,>=3027949.25,<125,1.0,4.0,0.0,0.0,2.0,1.0,0.0,0.0,1.0,0.0,2.0,0.0,15.0,1.0
203,472636,W,6530,206.0,150.0,mastercard,166.0,debit,315.0,87.0,>=3027949.25,<125,1.0,1.0,0.0,0.0,2.0,1.0,0.0,0.0,1.0,0.0,1.0,0.0,16.0,1.0
204,472637,R,1387,322.0,150.0,american express,131.0,credit,299.0,87.0,>=3027949.25,<125,1.0,1.0,0.0,1.0,0.0,1.0,0.0,1.0,0.0,1.0,1.0,0.0,1.0,1.0
205,472638,W,16187,NotFound,150.0,visa,166.0,debit,126.0,87.0,>=3027949.25,<125,2.0,1.0,0.0,0.0,0.0,0.0,0.0,0.0,1.0,0.0,1.0,0.0,12.0,2.0
206,472639,R,16826,555.0,150.0,visa,226.0,debit,170.0,87.0,<3027949.25,>=125.0,1.0,1.0,0.0,1.0,0.0,1.0,0.0,1.0,0.0,1.0,1.0,0.0,1.0,1.0
207,472640,W,4436,174.0,150.0,visa,226.0,debit,272.0,87.0,>=3027949.25,<125,1.0,1.0,0.0,0.0,0.0,0.0,0.0,0.0,2.0,0.0,1.0,0.0,22.0,1.0
208,472641,C,2650,142.0,185.0,mastercard,224.0,debit,NotFound,NotFound,>=3027949.25,<125,1.0,6.0,0.0,4.0,0.0,4.0,4.0,2.0,0.0,2.0,3.0,3.0,3.0,1.0
209,472642,W,2803,100.0,150.0,visa,226.0,debit,494.0,87.0,>=3027949.25,<125,9.0,9.0,0.0,0.0,4.0,5.0,0.0,0.0,2.0,0.0,6.0,0.0,19.0,7.0
210,472643,W,17188,321.0,150.0,visa,226.0,debit,299.0,87.0,>=3027949.25,<125,2.0,5.0,0.0,0.0,1.0,1.0,0.0,0.0,2.0,0.0,1.0,0.0,23.0,2.0
211,472644,W,14184,555.0,150.0,visa,226.0,debit,476.0,87.0,>=3027949.25,<125,1.0,1.0,0.0,0.0,1.0,1.0,0.0,0.0,1.0,0.0,1.0,0.0,2.0,1.0
212,472645,C,10086,500.0,185.0,mastercard,224.0,credit,NotFound,NotFound,>=3027949.25,<125,1.0,1.0,0.0,1.0,0.0,1.0,1.0,1.0,0.0,0.0,1.0,1.0,1.0,1.0
213,472646,W,9500,321.0,150.0,visa,226.0,debit,441.0,87.0,>=3027949.25,>=125.0,2.0,2.0,0.0,0.0,0.0,2.0,0.0,0.0,2.0,0.0,1.0,0.0,6.0,2.0
214,472647,W,13343,165.0,150.0,mastercard,195.0,debit,122.0,87.0,>=3027949.25,<125,1.0,1.0,0.0,0.0,1.0,1.0,0.0,0.0,0.0,0.0,1.0,0.0,1.0,1.0
215,472648,H,16075,514.0,150.0,mastercard,102.0,credit,325.0,87.0,<3027949.25,<125,1.0,1.0,0.0,1.0,0.0,1.0,0.0,1.0,0.0,1.0,1.0,0.0,1.0,1.0
216,472649,W,5822,555.0,150.0,visa,226.0,debit,512.0,87.0,>=3027949.25,<125,2.0,2.0,0.0,0.0,0.0,1.0,0.0,0.0,1.0,0.0,1.0,0.0,3.0,2.0
217,472650,H,11280,481.0,150.0,visa,226.0,credit,299.0,87.0,>=3027949.25,<125,1.0,1.0,0.0,1.0,0.0,1.0,0.0,1.0,0.0,1.0,1.0,0.0,0.0,0.0
218,472651,W,10458,553.0,150.0,visa,226.0,credit,325.0,87.0,>=3027949.25,>=125.0,3.0,2.0,0.0,0.0,0.0,2.0,0.0,0.0,2.0,0.0,1.0,0.0,18.0,2.0
219,472652,W,4472,360.0,150.0,visa,166.0,debit,494.0,87.0,>=3027949.25,<125,144.0,142.0,0.0,0.0,104.0,116.0,0.0,0.0,92.0,0.0,118.0,0.0,545.0,114.0
220,472653,W,18132,567.0,150.0,mastercard,117.0,debit,337.0,87.0,>=3027949.25,>=125.0,2.0,1.0,0.0,0.0,0.0,1.0,0.0,0.0,1.0,0.0,1.0,0.0,1.0,1.0
221,472654,W,13956,NotFound,150.0,visa,226.0,debit,327.0,87.0,>=3027949.25,<125,1.0,1.0,0.0,0.0,1.0,1.0,0.0,0.0,2.0,0.0,1.0,0.0,9.0,1.0
222,472655,W,10616,583.0,150.0,visa,226.0,credit,472.0,87.0,>=3027949.25,>=125.0,2.0,1.0,0.0,0.0,0.0,1.0,0.0,0.0,0.0,0.0,1.0,0.0,0.0,0.0
223,472656,H,6747,393.0,150.0,mastercard,219.0,credit,330.0,87.0,<3027949.25,>=125.0,2.0,1.0,0.0,1.0,0.0,1.0,0.0,3.0,0.0,3.0,2.0,0.0,2.0,2.0
224,472657,W,7919,194.0,150.0,mastercard,166.0,debit,433.0,87.0,>=3027949.25,>=125.0,7.0,9.0,0.0,0.0,1.0,3.0,0.0,0.0,12.0,0.0,5.0,1.0,26.0,3.0
225,472658,W,1939,360.0,150.0,visa,166.0,debit,191.0,87.0,>=3027949.25,<125,1.0,1.0,0.0,0.0,0.0,0.0,0.0,0.0,0.0,0.0,0.0,0.0,2.0,1.0
226,472659,R,4577,583.0,150.0,mastercard,219.0,credit,181.0,87.0,>=3027949.25,<125,3.0,2.0,0.0,2.0,0.0,2.0,0.0,1.0,0.0,0.0,2.0,0.0,2.0,2.0
227,472660,W,12544,321.0,150.0,visa,226.0,debit,441.0,87.0,<3027949.25,<125,1.0,2.0,0.0,0.0,0.0,2.0,0.0,0.0,1.0,0.0,1.0,0.0,6.0,1.0
228,472661,W,6016,555.0,150.0,visa,226.0,debit,330.0,87.0,>=3027949.25,>=125.0,1.0,1.0,0.0,0.0,0.0,1.0,0.0,0.0,1.0,0.0,1.0,0.0,1.0,1.0
229,472662,W,10616,583.0,150.0,visa,226.0,credit,325.0,87.0,>=3027949.25,<125,7.0,10.0,0.0,0.0,2.0,7.0,0.0,0.0,5.0,0.0,4.0,0.0,20.0,7.0
230,472663,W,18366,111.0,150.0,visa,226.0,debit,299.0,87.0,>=3027949.25,<125,4.0,1.0,0.0,0.0,2.0,1.0,0.0,0.0,1.0,0.0,1.0,0.0,9.0,4.0
231,472664,W,17399,111.0,150.0,mastercard,224.0,debit,204.0,87.0,>=3027949.25,>=125.0,1.0,1.0,0.0,0.0,0.0,1.0,0.0,0.0,1.0,0.0,1.0,0.0,2.0,1.0
232,472665,W,10057,225.0,150.0,mastercard,224.0,debit,441.0,87.0,>=3027949.25,<125,7.0,3.0,0.0,0.0,3.0,3.0,0.0,0.0,5.0,0.0,2.0,0.0,10.0,6.0
233,472666,C,3154,408.0,185.0,mastercard,224.0,debit,NotFound,NotFound,>=3027949.25,<125,1.0,1.0,0.0,1.0,0.0,1.0,1.0,1.0,0.0,1.0,1.0,1.0,1.0,1.0
234,472667,W,15066,170.0,150.0,mastercard,102.0,credit,272.0,87.0,<3027949.25,>=125.0,1.0,1.0,0.0,0.0,0.0,1.0,0.0,0.0,1.0,0.0,2.0,0.0,4.0,1.0
235,472668,W,11465,360.0,150.0,visa,166.0,debit,330.0,87.0,>=3027949.25,<125,1.0,1.0,0.0,0.0,0.0,1.0,0.0,0.0,1.0,0.0,1.0,0.0,2.0,1.0
236,472669,W,7585,553.0,150.0,visa,226.0,credit,204.0,87.0,>=3027949.25,<125,2.0,1.0,0.0,0.0,0.0,1.0,0.0,0.0,1.0,0.0,1.0,0.0,1.0,1.0
237,472670,W,12544,321.0,150.0,visa,226.0,debit,441.0,87.0,>=3027949.25,>=125.0,1.0,1.0,0.0,0.0,0.0,1.0,0.0,0.0,0.0,0.0,1.0,0.0,1.0,1.0
238,472671,W,4029,594.0,150.0,visa,226.0,debit,498.0,87.0,>=3027949.25,<125,2.0,2.0,0.0,0.0,1.0,1.0,0.0,0.0,1.0,0.0,1.0,0.0,6.0,2.0
239,472672,W,10640,268.0,150.0,visa,166.0,debit,205.0,87.0,<3027949.25,<125,3.0,3.0,0.0,0.0,1.0,2.0,0.0,0.0,2.0,0.0,2.0,0.0,6.0,3.0
240,472673,W,11106,100.0,150.0,visa,226.0,credit,337.0,87.0,>=3027949.25,>=125.0,2.0,1.0,0.0,0.0,0.0,3.0,0.0,0.0,1.0,0.0,1.0,0.0,8.0,2.0
241,472674,W,11207,361.0,150.0,visa,226.0,debit,325.0,87.0,>=3027949.25,<125,3.0,6.0,0.0,0.0,0.0,4.0,0.0,0.0,1.0,0.0,1.0,0.0,35.0,3.0
242,472675,W,2839,111.0,150.0,mastercard,195.0,debit,143.0,87.0,>=3027949.25,>=125.0,4.0,3.0,0.0,0.0,2.0,3.0,0.0,0.0,2.0,0.0,2.0,0.0,8.0,4.0
243,472676,W,11157,215.0,150.0,visa,226.0,debit,433.0,87.0,>=3027949.25,<125,13.0,11.0,0.0,0.0,7.0,10.0,0.0,0.0,8.0,0.0,8.0,0.0,33.0,13.0
244,472677,W,16547,512.0,150.0,mastercard,117.0,debit,123.0,87.0,>=3027949.25,<125,3.0,2.0,0.0,0.0,0.0,3.0,0.0,0.0,4.0,0.0,3.0,0.0,28.0,3.0
245,472678,W,14080,133.0,150.0,visa,226.0,debit,204.0,87.0,>=3027949.25,<125,25.0,19.0,0.0,0.0,24.0,15.0,0.0,0.0,16.0,0.0,17.0,0.0,100.0,23.0
246,472679,W,2622,555.0,150.0,visa,226.0,debit,251.0,87.0,>=3027949.25,>=125.0,2.0,3.0,0.0,0.0,0.0,1.0,0.0,0.0,2.0,0.0,3.0,0.0,23.0,1.0
247,472680,W,5454,532.0,150.0,mastercard,224.0,debit,315.0,87.0,>=3027949.25,>=125.0,1.0,1.0,0.0,0.0,1.0,1.0,0.0,0.0,0.0,0.0,1.0,0.0,1.0,1.0
248,472681,W,16930,265.0,150.0,visa,226.0,debit,255.0,87.0,>=3027949.25,>=125.0,1.0,1.0,0.0,0.0,0.0,1.0,0.0,0.0,1.0,0.0,1.0,0.0,0.0,0.0
249,472682,W,17400,174.0,150.0,visa,226.0,debit,123.0,87.0,>=3027949.25,>=125.0,2.0,2.0,0.0,0.0,0.0,2.0,0.0,0.0,1.0,0.0,1.0,0.0,9.0,2.0
250,472683,W,1893,514.0,150.0,mastercard,224.0,credit,512.0,87.0,>=3027949.25,<125,4.0,2.0,0.0,0.0,0.0,2.0,0.0,0.0,3.0,0.0,2.0,1.0,10.0,4.0
251,472684,C,10394,555.0,147.0,visa,226.0,credit,NotFound,NotFound,<3027949.25,<125,1.0,3.0,0.0,1.0,0.0,1.0,1.0,2.0,0.0,1.0,1.0,1.0,1.0,1.0
252,472685,W,6778,369.0,150.0,mastercard,224.0,debit,191.0,87.0,>=3027949.25,<125,3.0,4.0,0.0,0.0,4.0,3.0,0.0,0.0,2.0,0.0,2.0,0.0,22.0,3.0
253,472686,W,13844,583.0,150.0,visa,226.0,debit,264.0,87.0,>=3027949.25,>=125.0,1.0,2.0,0.0,0.0,1.0,2.0,0.0,0.0,1.0,0.0,2.0,0.0,2.0,1.0
254,472687,W,17442,246.0,150.0,visa,226.0,debit,204.0,87.0,>=3027949.25,<125,7.0,6.0,0.0,0.0,3.0,4.0,0.0,0.0,2.0,0.0,5.0,0.0,13.0,6.0
255,472688,H,12544,321.0,150.0,visa,226.0,debit,184.0,87.0,<3027949.25,<125,1.0,1.0,0.0,0.0,0.0,1.0,0.0,1.0,0.0,1.0,1.0,0.0,0.0,0.0
256,472689,W,6507,555.0,150.0,visa,226.0,debit,264.0,87.0,>=3027949.25,<125,1.0,2.0,0.0,0.0,0.0,1.0,0.0,0.0,2.0,0.0,1.0,1.0,24.0,1.0
257,472690,W,7919,194.0,150.0,mastercard,166.0,debit,310.0,87.0,>=3027949.25,<125,1.0,1.0,0.0,0.0,1.0,0.0,0.0,0.0,1.0,0.0,1.0,0.0,1.0,1.0
258,472691,W,15066,170.0,150.0,mastercard,102.0,credit,204.0,87.0,>=3027949.25,>=125.0,1.0,1.0,0.0,0.0,1.0,1.0,0.0,0.0,1.0,0.0,1.0,0.0,0.0,0.0
259,472692,W,5051,478.0,150.0,visa,195.0,credit,337.0,87.0,<3027949.25,>=125.0,1.0,1.0,0.0,0.0,1.0,1.0,0.0,0.0,0.0,0.0,1.0,0.0,1.0,1.0
260,472693,C,15885,545.0,185.0,visa,138.0,debit,NotFound,NotFound,>=3027949.25,<125,1.0,1.0,0.0,0.0,0.0,0.0,0.0,1.0,0.0,0.0,0.0,0.0,1.0,1.0
261,472694,R,13607,399.0,150.0,american express,146.0,credit,299.0,87.0,<3027949.25,<125,1.0,1.0,0.0,1.0,0.0,1.0,0.0,1.0,0.0,1.0,1.0,0.0,1.0,1.0
262,472695,C,18301,459.0,185.0,mastercard,224.0,credit,NotFound,NotFound,>=3027949.25,<125,1.0,2.0,0.0,1.0,0.0,1.0,1.0,1.0,0.0,0.0,1.0,1.0,0.0,0.0
263,472696,W,16533,553.0,150.0,discover,142.0,credit,327.0,87.0,>=3027949.25,<125,1.0,1.0,0.0,0.0,1.0,1.0,0.0,0.0,1.0,0.0,1.0,0.0,3.0,1.0
264,472697,H,17188,321.0,150.0,visa,226.0,debit,299.0,87.0,>=3027949.25,<125,1.0,1.0,0.0,2.0,0.0,1.0,0.0,1.0,0.0,1.0,1.0,0.0,2.0,1.0
265,472698,W,10023,111.0,150.0,visa,226.0,debit,325.0,87.0,>=3027949.25,<125,3.0,3.0,0.0,0.0,2.0,4.0,0.0,0.0,2.0,0.0,3.0,0.0,7.0,3.0
266,472699,C,9300,103.0,185.0,visa,138.0,debit,NotFound,NotFound,>=3027949.25,<125,1.0,1.0,0.0,1.0,0.0,1.0,1.0,1.0,0.0,1.0,1.0,1.0,1.0,1.0
267,472700,W,12741,106.0,150.0,visa,226.0,debit,143.0,87.0,>=3027949.25,<125,1.0,1.0,0.0,0.0,0.0,1.0,0.0,0.0,1.0,0.0,1.0,0.0,1.0,1.0
268,472701,W,14712,111.0,150.0,visa,226.0,debit,264.0,87.0,>=3027949.25,<125,2.0,1.0,0.0,0.0,1.0,1.0,0.0,0.0,1.0,0.0,1.0,0.0,3.0,2.0
269,472702,H,6951,111.0,150.0,visa,226.0,debit,441.0,87.0,>=3027949.25,<125,1.0,1.0,0.0,1.0,0.0,1.0,0.0,1.0,0.0,1.0,1.0,0.0,1.0,1.0
270,472703,W,17480,181.0,150.0,visa,226.0,credit,485.0,87.0,>=3027949.25,<125,1.0,1.0,0.0,0.0,1.0,1.0,0.0,0.0,2.0,0.0,1.0,0.0,5.0,1.0
271,472704,H,6741,583.0,150.0,visa,195.0,credit,325.0,87.0,>=3027949.25,>=125.0,5.0,3.0,0.0,2.0,0.0,2.0,0.0,1.0,0.0,3.0,1.0,0.0,8.0,4.0
272,472705,W,16431,225.0,150.0,mastercard,117.0,debit,264.0,87.0,<3027949.25,<125,1.0,1.0,0.0,0.0,0.0,1.0,0.0,0.0,1.0,0.0,1.0,0.0,1.0,1.0
273,472706,W,13780,298.0,150.0,visa,226.0,debit,441.0,87.0,>=3027949.25,<125,1.0,1.0,0.0,0.0,0.0,0.0,0.0,0.0,1.0,0.0,1.0,1.0,17.0,1.0
274,472707,W,17188,321.0,150.0,visa,226.0,debit,310.0,87.0,>=3027949.25,<125,1.0,1.0,0.0,0.0,1.0,1.0,0.0,0.0,1.0,0.0,1.0,0.0,1.0,1.0
275,472708,W,7474,583.0,150.0,visa,226.0,credit,476.0,87.0,>=3027949.25,>=125.0,1.0,1.0,0.0,0.0,1.0,1.0,0.0,0.0,1.0,0.0,2.0,0.0,2.0,1.0
276,472709,W,12501,490.0,150.0,visa,226.0,debit,272.0,87.0,<3027949.25,>=125.0,1.0,1.0,0.0,0.0,0.0,1.0,0.0,0.0,1.0,0.0,1.0,0.0,4.0,1.0
277,472710,W,13085,417.0,150.0,visa,195.0,debit,330.0,87.0,>=3027949.25,<125,2.0,2.0,0.0,0.0,1.0,2.0,0.0,0.0,2.0,0.0,2.0,0.0,3.0,2.0
278,472711,W,10023,111.0,150.0,visa,226.0,debit,325.0,87.0,>=3027949.25,<125,3.0,5.0,0.0,0.0,3.0,3.0,0.0,0.0,3.0,0.0,3.0,0.0,22.0,3.0
279,472712,W,4067,445.0,150.0,mastercard,224.0,debit,123.0,87.0,>=3027949.25,<125,1.0,1.0,0.0,0.0,1.0,1.0,0.0,0.0,1.0,0.0,1.0,0.0,1.0,1.0
280,472713,W,4125,555.0,150.0,visa,226.0,debit,226.0,87.0,<3027949.25,>=125.0,1.0,2.0,0.0,0.0,0.0,1.0,0.0,0.0,1.0,0.0,1.0,0.0,2.0,1.0
281,472714,W,11207,361.0,150.0,visa,226.0,debit,126.0,87.0,<3027949.25,>=125.0,1.0,1.0,0.0,0.0,1.0,1.0,0.0,0.0,1.0,0.0,1.0,0.0,1.0,1.0
282,472715,W,13780,298.0,150.0,visa,226.0,debit,441.0,87.0,>=3027949.25,<125,1.0,1.0,0.0,0.0,1.0,1.0,0.0,0.0,0.0,0.0,1.0,0.0,1.0,1.0
283,472716,W,2392,360.0,150.0,mastercard,126.0,debit,143.0,87.0,>=3027949.25,<125,2.0,4.0,0.0,0.0,1.0,3.0,0.0,0.0,2.0,0.0,2.0,0.0,13.0,2.0
284,472717,W,7195,225.0,150.0,mastercard,224.0,debit,264.0,87.0,>=3027949.25,<125,1.0,1.0,0.0,0.0,0.0,1.0,0.0,0.0,1.0,0.0,1.0,0.0,1.0,1.0
285,472718,W,1724,583.0,150.0,visa,226.0,credit,299.0,87.0,>=3027949.25,>=125.0,3.0,1.0,0.0,0.0,1.0,1.0,0.0,0.0,1.0,0.0,1.0,0.0,12.0,3.0
286,472719,W,9500,321.0,150.0,visa,226.0,debit,272.0,87.0,>=3027949.25,<125,1.0,2.0,0.0,0.0,0.0,1.0,0.0,0.0,1.0,0.0,1.0,0.0,7.0,1.0
287,472720,W,14628,600.0,150.0,visa,226.0,debit,184.0,87.0,>=3027949.25,<125,14.0,11.0,0.0,0.0,6.0,12.0,0.0,0.0,9.0,0.0,12.0,0.0,30.0,10.0
288,472721,R,17399,111.0,150.0,mastercard,224.0,debit,272.0,87.0,>=3027949.25,>=125.0,1.0,1.0,0.0,1.0,0.0,1.0,0.0,1.0,0.0,1.0,1.0,0.0,1.0,1.0
289,472722,W,12695,490.0,150.0,visa,226.0,debit,325.0,87.0,>=3027949.25,<125,1.0,1.0,0.0,0.0,1.0,1.0,0.0,0.0,1.0,0.0,1.0,0.0,2.0,1.0
290,472723,W,18343,374.0,150.0,visa,226.0,debit,269.0,87.0,>=3027949.25,>=125.0,3.0,2.0,0.0,0.0,2.0,1.0,0.0,0.0,1.0,0.0,2.0,0.0,4.0,3.0
291,472724,C,15885,545.0,185.0,visa,138.0,debit,NotFound,NotFound,>=3027949.25,<125,1.0,2.0,0.0,1.0,0.0,1.0,1.0,1.0,0.0,0.0,1.0,1.0,1.0,1.0
292,472725,W,15553,390.0,150.0,mastercard,117.0,debit,428.0,87.0,>=3027949.25,<125,1.0,1.0,0.0,0.0,0.0,1.0,0.0,0.0,1.0,0.0,1.0,0.0,1.0,1.0
293,472726,H,6344,327.0,150.0,discover,224.0,credit,205.0,87.0,<3027949.25,<125,1.0,1.0,0.0,0.0,0.0,1.0,0.0,2.0,0.0,2.0,1.0,0.0,0.0,0.0
294,472727,W,3890,517.0,150.0,mastercard,224.0,debit,264.0,87.0,>=3027949.25,>=125.0,10.0,6.0,0.0,0.0,6.0,5.0,0.0,0.0,6.0,0.0,5.0,0.0,35.0,8.0
295,472728,W,7919,194.0,150.0,mastercard,202.0,debit,269.0,87.0,>=3027949.25,<125,2.0,1.0,0.0,0.0,0.0,2.0,0.0,0.0,1.0,0.0,1.0,0.0,3.0,2.0
296,472729,W,8618,555.0,150.0,visa,226.0,debit,123.0,87.0,>=3027949.25,>=125.0,1.0,1.0,0.0,0.0,2.0,1.0,0.0,0.0,1.0,0.0,1.0,0.0,0.0,0.0
297,472730,W,15497,490.0,150.0,visa,226.0,debit,299.0,87.0,>=3027949.25,<125,1.0,1.0,0.0,0.0,0.0,1.0,0.0,0.0,1.0,0.0,1.0,0.0,1.0,1.0
298,472731,W,18132,567.0,150.0,mastercard,117.0,debit,272.0,87.0,>=3027949.25,<125,1.0,1.0,0.0,0.0,0.0,0.0,0.0,0.0,1.0,0.0,1.0,0.0,1.0,1.0
299,472732,C,16578,545.0,185.0,visa,226.0,credit,NotFound,NotFound,>=3027949.25,<125,1.0,1.0,0.0,1.0,0.0,1.0,1.0,1.0,0.0,1.0,1.0,1.0,1.0,1.0
300,472733,W,17399,111.0,150.0,mastercard,224.0,debit,204.0,87.0,>=3027949.25,<125,5.0,5.0,0.0,0.0,0.0,1.0,0.0,0.0,5.0,0.0,5.0,0.0,6.0,4.0
301,472734,W,7676,512.0,150.0,visa,226.0,debit,512.0,87.0,>=3027949.25,<125,1.0,1.0,0.0,0.0,0.0,1.0,0.0,0.0,1.0,0.0,1.0,0.0,1.0,1.0
302,472735,W,15125,111.0,150.0,visa,195.0,debit,325.0,87.0,>=3027949.25,<125,2.0,1.0,0.0,0.0,0.0,1.0,0.0,0.0,1.0,0.0,1.0,0.0,41.0,2.0
303,472736,H,8359,110.0,150.0,mastercard,102.0,credit,126.0,87.0,<3027949.25,<125,2.0,1.0,0.0,1.0,0.0,1.0,0.0,2.0,0.0,2.0,1.0,0.0,1.0,1.0
304,472737,W,2803,100.0,150.0,visa,226.0,debit,441.0,87.0,<3027949.25,<125,1.0,1.0,0.0,0.0,0.0,1.0,0.0,0.0,1.0,0.0,1.0,0.0,1.0,1.0
305,472738,W,18132,567.0,150.0,mastercard,117.0,debit,191.0,87.0,>=3027949.25,<125,1.0,1.0,0.0,0.0,0.0,1.0,0.0,0.0,1.0,0.0,1.0,0.0,1.0,1.0
306,472739,W,7826,481.0,150.0,mastercard,224.0,debit,325.0,87.0,>=3027949.25,>=125.0,1.0,1.0,0.0,0.0,0.0,1.0,0.0,0.0,0.0,0.0,1.0,0.0,0.0,0.0
307,472740,W,11409,555.0,150.0,visa,226.0,debit,327.0,87.0,>=3027949.25,>=125.0,1.0,1.0,0.0,0.0,0.0,1.0,0.0,0.0,1.0,0.0,1.0,0.0,1.0,1.0
308,472741,W,1885,480.0,150.0,mastercard,195.0,debit,315.0,87.0,>=3027949.25,>=125.0,4.0,4.0,0.0,0.0,1.0,1.0,0.0,0.0,2.0,0.0,3.0,0.0,12.0,3.0
309,472742,W,2803,100.0,150.0,visa,226.0,debit,387.0,87.0,>=3027949.25,>=125.0,1.0,2.0,0.0,0.0,0.0,1.0,0.0,0.0,1.0,0.0,1.0,0.0,2.0,1.0
310,472743,W,7508,321.0,150.0,visa,226.0,debit,220.0,87.0,<3027949.25,<125,1.0,4.0,0.0,0.0,0.0,4.0,0.0,0.0,1.0,0.0,1.0,0.0,11.0,1.0
311,472744,W,7676,512.0,150.0,visa,226.0,debit,299.0,87.0,<3027949.25,<125,2.0,1.0,0.0,0.0,1.0,1.0,0.0,0.0,1.0,0.0,2.0,0.0,32.0,2.0
312,472745,W,7585,553.0,150.0,visa,226.0,credit,441.0,87.0,>=3027949.25,>=125.0,1.0,1.0,0.0,0.0,1.0,1.0,0.0,0.0,1.0,0.0,1.0,0.0,2.0,1.0
313,472746,W,16476,555.0,150.0,visa,226.0,debit,327.0,87.0,>=3027949.25,<125,1.0,1.0,0.0,0.0,0.0,1.0,0.0,0.0,1.0,0.0,1.0,0.0,1.0,1.0
314,472747,W,2667,369.0,150.0,mastercard,224.0,debit,299.0,87.0,>=3027949.25,>=125.0,7.0,5.0,0.0,0.0,2.0,3.0,0.0,0.0,4.0,0.0,4.0,0.0,7.0,7.0
315,472748,W,9561,242.0,150.0,visa,166.0,debit,337.0,87.0,>=3027949.25,<125,5.0,4.0,0.0,0.0,0.0,3.0,0.0,0.0,2.0,0.0,3.0,0.0,16.0,5.0
316,472749,W,4436,174.0,150.0,visa,226.0,debit,184.0,87.0,<3027949.25,<125,1.0,2.0,0.0,0.0,0.0,1.0,0.0,0.0,1.0,0.0,1.0,0.0,9.0,1.0
317,472750,W,7815,161.0,150.0,mastercard,117.0,debit,123.0,87.0,>=3027949.25,<125,4.0,3.0,0.0,0.0,0.0,2.0,0.0,0.0,3.0,0.0,2.0,0.0,9.0,4.0
318,472751,W,1284,490.0,150.0,visa,226.0,debit,264.0,87.0,>=3027949.25,>=125.0,40.0,30.0,0.0,0.0,25.0,25.0,0.0,0.0,33.0,0.0,23.0,0.0,193.0,33.0
319,472752,W,15066,170.0,150.0,mastercard,102.0,credit,299.0,87.0,>=3027949.25,<125,3.0,2.0,0.0,0.0,1.0,1.0,0.0,0.0,3.0,0.0,1.0,0.0,6.0,3.0
320,472753,W,7676,512.0,150.0,visa,226.0,debit,299.0,87.0,<3027949.25,<125,2.0,2.0,0.0,0.0,0.0,1.0,0.0,0.0,1.0,0.0,1.0,0.0,2.0,2.0
321,472754,W,16560,476.0,150.0,visa,126.0,debit,231.0,87.0,>=3027949.25,<125,3.0,2.0,0.0,0.0,0.0,1.0,0.0,0.0,2.0,0.0,1.0,0.0,4.0,3.0
322,472755,W,16435,298.0,150.0,visa,226.0,debit,337.0,87.0,>=3027949.25,<125,2.0,1.0,0.0,0.0,1.0,1.0,0.0,0.0,1.0,0.0,1.0,0.0,10.0,2.0
323,472756,W,4663,490.0,150.0,visa,166.0,debit,441.0,87.0,<3027949.25,<125,1.0,1.0,0.0,0.0,0.0,1.0,0.0,0.0,1.0,0.0,1.0,0.0,3.0,1.0
324,472757,C,15885,545.0,185.0,visa,138.0,debit,NotFound,NotFound,>=3027949.25,<125,1.0,1.0,0.0,1.0,0.0,1.0,1.0,1.0,0.0,1.0,1.0,1.0,0.0,0.0
325,472758,W,4975,554.0,150.0,visa,137.0,credit,203.0,87.0,>=3027949.25,<125,1.0,1.0,0.0,0.0,1.0,1.0,0.0,0.0,1.0,0.0,1.0,0.0,3.0,1.0
326,472759,W,6292,298.0,150.0,visa,226.0,debit,204.0,87.0,>=3027949.25,<125,5.0,6.0,0.0,0.0,0.0,3.0,0.0,0.0,4.0,0.0,4.0,2.0,33.0,3.0
327,472760,W,2157,111.0,150.0,visa,226.0,debit,441.0,87.0,>=3027949.25,<125,1.0,2.0,0.0,0.0,0.0,1.0,0.0,0.0,1.0,0.0,1.0,1.0,2.0,1.0
328,472761,C,1164,545.0,185.0,visa,137.0,debit,NotFound,NotFound,>=3027949.25,<125,1.0,3.0,0.0,1.0,0.0,1.0,1.0,1.0,0.0,1.0,1.0,1.0,1.0,1.0
329,472762,H,10616,583.0,150.0,visa,226.0,credit,220.0,87.0,<3027949.25,<125,1.0,1.0,0.0,1.0,0.0,1.0,0.0,1.0,0.0,1.0,1.0,0.0,1.0,1.0
330,472763,W,1764,158.0,150.0,visa,226.0,debit,315.0,87.0,>=3027949.25,<125,1.0,1.0,0.0,0.0,1.0,0.0,0.0,0.0,1.0,0.0,1.0,0.0,3.0,1.0
331,472764,W,16314,400.0,150.0,mastercard,224.0,debit,330.0,87.0,>=3027949.25,<125,4.0,2.0,0.0,0.0,1.0,2.0,0.0,0.0,3.0,0.0,3.0,0.0,24.0,4.0
332,472765,W,14244,302.0,150.0,visa,226.0,debit,191.0,87.0,>=3027949.25,<125,1.0,1.0,0.0,0.0,0.0,2.0,0.0,0.0,0.0,0.0,1.0,0.0,1.0,1.0
333,472766,C,9917,142.0,185.0,visa,138.0,debit,465.0,60.0,<3027949.25,<125,2.0,12.0,0.0,7.0,0.0,7.0,7.0,1.0,0.0,3.0,5.0,5.0,3.0,1.0
334,472767,W,4515,369.0,150.0,mastercard,224.0,debit,181.0,87.0,<3027949.25,<125,10.0,10.0,0.0,0.0,3.0,6.0,0.0,0.0,9.0,0.0,7.0,0.0,29.0,8.0
335,472768,R,17524,170.0,150.0,visa,195.0,credit,330.0,87.0,>=3027949.25,<125,1.0,1.0,0.0,1.0,0.0,1.0,0.0,1.0,0.0,1.0,1.0,0.0,1.0,1.0
336,472769,C,9633,296.0,185.0,visa,138.0,debit,NotFound,NotFound,<3027949.25,<125,1.0,1.0,0.0,1.0,0.0,1.0,1.0,1.0,0.0,1.0,1.0,1.0,1.0,1.0
337,472770,C,16746,500.0,185.0,mastercard,102.0,credit,NotFound,NotFound,>=3027949.25,<125,1.0,1.0,0.0,1.0,0.0,1.0,1.0,1.0,0.0,1.0,1.0,1.0,1.0,1.0
338,472771,S,7585,553.0,150.0,visa,226.0,credit,330.0,87.0,<3027949.25,<125,1.0,1.0,1.0,1.0,0.0,0.0,0.0,1.0,0.0,1.0,1.0,0.0,1.0,1.0
339,472772,W,7919,194.0,150.0,mastercard,166.0,debit,315.0,87.0,>=3027949.25,>=125.0,2.0,4.0,0.0,0.0,1.0,1.0,0.0,0.0,1.0,0.0,1.0,0.0,5.0,2.0
340,472773,W,9175,111.0,150.0,visa,226.0,debit,330.0,87.0,>=3027949.25,<125,1.0,1.0,0.0,0.0,0.0,2.0,0.0,0.0,1.0,0.0,1.0,1.0,9.0,1.0
341,472774,W,13160,555.0,150.0,visa,226.0,debit,384.0,87.0,>=3027949.25,>=125.0,1.0,4.0,0.0,0.0,2.0,2.0,0.0,0.0,1.0,0.0,2.0,0.0,1.0,1.0
342,472775,C,5409,170.0,150.0,visa,226.0,credit,NotFound,NotFound,>=3027949.25,<125,40.0,46.0,0.0,16.0,0.0,16.0,16.0,36.0,0.0,18.0,25.0,25.0,4.0,3.0
343,472776,R,6019,583.0,150.0,visa,226.0,credit,225.0,87.0,>=3027949.25,<125,1.0,1.0,0.0,1.0,0.0,1.0,0.0,1.0,0.0,1.0,1.0,0.0,1.0,1.0
344,472777,W,17947,371.0,150.0,visa,226.0,credit,184.0,87.0,<3027949.25,>=125.0,1.0,1.0,0.0,0.0,1.0,1.0,0.0,0.0,1.0,0.0,1.0,0.0,2.0,1.0
345,472778,W,7919,194.0,150.0,mastercard,166.0,debit,494.0,87.0,>=3027949.25,<125,4.0,3.0,0.0,0.0,1.0,4.0,0.0,0.0,2.0,0.0,3.0,0.0,9.0,4.0
346,472779,W,16485,174.0,150.0,visa,226.0,debit,330.0,87.0,>=3027949.25,<125,2.0,1.0,0.0,0.0,1.0,1.0,0.0,0.0,1.0,0.0,1.0,0.0,41.0,2.0
347,472780,W,17217,111.0,150.0,visa,226.0,debit,494.0,87.0,<3027949.25,<125,3.0,3.0,0.0,0.0,2.0,2.0,0.0,0.0,1.0,0.0,2.0,0.0,9.0,3.0
348,472781,C,3411,293.0,162.0,mastercard,137.0,debit,NotFound,NotFound,>=3027949.25,<125,1.0,1.0,0.0,1.0,0.0,1.0,1.0,1.0,0.0,1.0,1.0,1.0,1.0,1.0
349,472782,W,8058,174.0,150.0,visa,226.0,debit,330.0,87.0,>=3027949.25,>=125.0,6.0,6.0,0.0,0.0,0.0,2.0,0.0,0.0,4.0,0.0,4.0,2.0,85.0,4.0
350,472783,W,9500,321.0,150.0,visa,226.0,debit,204.0,87.0,>=3027949.25,<125,1.0,1.0,0.0,0.0,0.0,0.0,0.0,0.0,1.0,0.0,1.0,0.0,1.0,1.0
351,472784,W,3277,111.0,150.0,visa,226.0,debit,231.0,87.0,>=3027949.25,<125,1.0,1.0,0.0,0.0,0.0,1.0,0.0,0.0,1.0,0.0,1.0,0.0,1.0,1.0
352,472785,W,10854,593.0,150.0,visa,226.0,debit,485.0,87.0,>=3027949.25,>=125.0,1.0,1.0,0.0,0.0,0.0,3.0,0.0,0.0,1.0,0.0,1.0,0.0,7.0,1.0
353,472786,W,9500,321.0,150.0,visa,226.0,debit,204.0,87.0,>=3027949.25,<125,3.0,1.0,0.0,0.0,0.0,1.0,0.0,0.0,2.0,0.0,2.0,1.0,46.0,3.0
354,472787,W,16255,470.0,150.0,mastercard,137.0,credit,476.0,87.0,>=3027949.25,<125,2.0,1.0,0.0,0.0,0.0,1.0,0.0,0.0,2.0,0.0,1.0,0.0,2.0,2.0
355,472788,H,16727,111.0,150.0,visa,226.0,credit,299.0,87.0,>=3027949.25,<125,2.0,1.0,0.0,1.0,0.0,2.0,0.0,1.0,0.0,2.0,1.0,0.0,0.0,0.0
356,472789,W,12695,490.0,150.0,visa,226.0,debit,325.0,87.0,>=3027949.25,<125,1.0,1.0,0.0,0.0,0.0,1.0,0.0,0.0,1.0,0.0,1.0,0.0,1.0,1.0
357,472790,S,13550,555.0,150.0,visa,226.0,debit,330.0,87.0,>=3027949.25,<125,1.0,2.0,0.0,2.0,0.0,0.0,0.0,3.0,0.0,3.0,1.0,0.0,3.0,1.0
358,472791,W,12695,490.0,150.0,visa,226.0,debit,325.0,87.0,>=3027949.25,>=125.0,7.0,4.0,0.0,0.0,2.0,6.0,0.0,0.0,4.0,0.0,4.0,0.0,62.0,6.0
359,472792,W,5724,420.0,150.0,mastercard,117.0,debit,315.0,87.0,>=3027949.25,<125,1.0,2.0,0.0,0.0,1.0,1.0,0.0,0.0,2.0,0.0,1.0,1.0,30.0,1.0
360,472793,W,10960,567.0,150.0,mastercard,117.0,debit,191.0,87.0,<3027949.25,<125,3.0,2.0,0.0,0.0,1.0,2.0,0.0,0.0,1.0,0.0,1.0,0.0,8.0,3.0
361,472794,W,15678,111.0,150.0,mastercard,224.0,debit,143.0,87.0,>=3027949.25,<125,1.0,1.0,0.0,0.0,0.0,1.0,0.0,0.0,2.0,0.0,1.0,0.0,2.0,1.0
362,472795,W,16560,476.0,150.0,visa,166.0,debit,272.0,87.0,>=3027949.25,<125,4.0,5.0,0.0,0.0,0.0,4.0,0.0,0.0,3.0,0.0,2.0,0.0,35.0,3.0
363,472796,R,9500,321.0,150.0,visa,226.0,debit,433.0,87.0,<3027949.25,>=125.0,1.0,1.0,0.0,1.0,0.0,2.0,0.0,1.0,0.0,1.0,2.0,0.0,0.0,0.0
364,472797,W,4742,543.0,150.0,mastercard,224.0,debit,269.0,87.0,<3027949.25,<125,14.0,10.0,0.0,0.0,15.0,11.0,0.0,0.0,10.0,0.0,10.0,0.0,69.0,13.0
365,472798,W,15066,170.0,150.0,mastercard,102.0,credit,225.0,87.0,>=3027949.25,>=125.0,1.0,1.0,0.0,0.0,1.0,1.0,0.0,0.0,1.0,0.0,1.0,0.0,1.0,1.0
366,472799,W,16132,111.0,150.0,visa,226.0,debit,299.0,87.0,>=3027949.25,<125,1.0,1.0,0.0,0.0,0.0,0.0,0.0,0.0,1.0,0.0,1.0,0.0,2.0,1.0
367,472800,C,5812,408.0,185.0,mastercard,224.0,debit,NotFound,NotFound,>=3027949.25,<125,2.0,3.0,0.0,1.0,0.0,1.0,1.0,4.0,0.0,2.0,1.0,1.0,1.0,1.0
368,472801,W,12211,298.0,150.0,visa,226.0,debit,433.0,87.0,>=3027949.25,<125,1.0,1.0,0.0,0.0,0.0,1.0,0.0,0.0,1.0,0.0,1.0,0.0,1.0,1.0
369,472802,W,11636,457.0,150.0,visa,226.0,debit,299.0,87.0,<3027949.25,<125,1.0,1.0,0.0,0.0,0.0,1.0,0.0,0.0,1.0,0.0,1.0,0.0,1.0,1.0
370,472803,W,16485,174.0,150.0,visa,226.0,debit,330.0,87.0,>=3027949.25,<125,1.0,1.0,0.0,0.0,0.0,1.0,0.0,0.0,1.0,0.0,1.0,0.0,1.0,1.0
371,472804,W,1431,492.0,150.0,visa,226.0,debit,343.0,87.0,>=3027949.25,>=125.0,1.0,1.0,0.0,0.0,1.0,1.0,0.0,0.0,1.0,0.0,1.0,0.0,2.0,1.0
372,472805,W,4921,475.0,150.0,visa,226.0,debit,184.0,87.0,>=3027949.25,<125,1.0,1.0,0.0,0.0,2.0,1.0,0.0,0.0,1.0,0.0,1.0,0.0,4.0,1.0
373,472806,W,3090,343.0,150.0,visa,166.0,debit,126.0,87.0,>=3027949.25,<125,1.0,1.0,0.0,0.0,1.0,1.0,0.0,0.0,1.0,0.0,1.0,0.0,0.0,0.0
374,472807,W,3821,111.0,150.0,mastercard,219.0,credit,337.0,87.0,>=3027949.25,<125,1.0,1.0,0.0,0.0,0.0,1.0,0.0,0.0,1.0,0.0,1.0,0.0,1.0,1.0
375,472808,H,9350,111.0,150.0,visa,162.0,credit,299.0,87.0,>=3027949.25,<125,1.0,1.0,0.0,1.0,0.0,1.0,0.0,1.0,0.0,1.0,1.0,0.0,1.0,1.0
376,472809,W,1332,555.0,150.0,visa,226.0,debit,325.0,87.0,>=3027949.25,<125,2.0,1.0,0.0,0.0,0.0,1.0,0.0,0.0,1.0,0.0,1.0,0.0,2.0,2.0
377,472810,W,15063,514.0,150.0,visa,226.0,credit,325.0,87.0,>=3027949.25,<125,2.0,3.0,0.0,0.0,1.0,1.0,0.0,0.0,2.0,0.0,1.0,0.0,6.0,2.0
378,472811,H,3682,264.0,150.0,visa,162.0,credit,226.0,87.0,<3027949.25,<125,1.0,1.0,0.0,0.0,0.0,1.0,0.0,1.0,0.0,1.0,1.0,0.0,1.0,1.0
379,472812,W,14876,369.0,150.0,mastercard,224.0,debit,191.0,87.0,>=3027949.25,<125,1.0,1.0,0.0,0.0,1.0,1.0,0.0,0.0,0.0,0.0,1.0,0.0,1.0,1.0
380,472813,C,15885,545.0,185.0,visa,138.0,debit,NotFound,NotFound,>=3027949.25,<125,1.0,3.0,0.0,2.0,0.0,2.0,2.0,2.0,0.0,2.0,3.0,3.0,3.0,1.0
381,472814,W,9500,321.0,150.0,visa,226.0,debit,191.0,87.0,>=3027949.25,<125,5.0,7.0,0.0,0.0,0.0,4.0,0.0,0.0,4.0,0.0,3.0,0.0,11.0,5.0
382,472815,W,11492,111.0,150.0,mastercard,219.0,credit,428.0,87.0,<3027949.25,>=125.0,4.0,1.0,0.0,0.0,0.0,3.0,0.0,0.0,2.0,0.0,1.0,0.0,49.0,4.0
383,472816,W,1893,514.0,150.0,mastercard,224.0,credit,337.0,87.0,>=3027949.25,>=125.0,1.0,1.0,0.0,0.0,1.0,1.0,0.0,0.0,0.0,0.0,1.0,0.0,1.0,1.0
384,472817,W,13780,298.0,150.0,visa,226.0,debit,441.0,87.0,>=3027949.25,<125,5.0,1.0,0.0,0.0,1.0,1.0,0.0,0.0,1.0,0.0,1.0,0.0,7.0,4.0
385,472818,W,12396,458.0,150.0,visa,226.0,debit,330.0,87.0,>=3027949.25,<125,4.0,4.0,0.0,0.0,2.0,3.0,0.0,0.0,3.0,0.0,5.0,0.0,30.0,4.0
386,472819,W,10112,360.0,150.0,visa,166.0,debit,184.0,87.0,>=3027949.25,<125,17.0,11.0,0.0,0.0,6.0,13.0,0.0,0.0,10.0,0.0,8.0,0.0,68.0,13.0
387,472820,W,18268,583.0,150.0,visa,226.0,credit,177.0,87.0,>=3027949.25,>=125.0,1.0,1.0,0.0,0.0,0.0,1.0,0.0,0.0,1.0,0.0,1.0,0.0,1.0,1.0
388,472821,W,7919,194.0,150.0,mastercard,202.0,debit,191.0,87.0,<3027949.25,<125,2.0,3.0,0.0,0.0,2.0,1.0,0.0,0.0,3.0,0.0,3.0,0.0,3.0,1.0
389,472822,R,18227,583.0,150.0,visa,226.0,credit,191.0,87.0,<3027949.25,>=125.0,1142.0,1252.0,0.0,832.0,0.0,846.0,0.0,482.0,0.0,414.0,898.0,0.0,656.0,605.0
390,472823,W,10631,360.0,150.0,mastercard,126.0,debit,299.0,87.0,<3027949.25,<125,1.0,1.0,0.0,0.0,0.0,1.0,0.0,0.0,1.0,0.0,1.0,0.0,1.0,1.0
391,472824,W,13833,111.0,150.0,visa,226.0,debit,325.0,87.0,>=3027949.25,<125,4.0,3.0,0.0,0.0,4.0,2.0,0.0,0.0,3.0,0.0,3.0,0.0,32.0,4.0
392,472825,W,16479,470.0,150.0,mastercard,137.0,credit,337.0,87.0,>=3027949.25,>=125.0,1.0,1.0,0.0,0.0,0.0,1.0,0.0,0.0,1.0,0.0,1.0,0.0,1.0,1.0
393,472826,W,3324,555.0,150.0,visa,226.0,debit,343.0,87.0,<3027949.25,<125,3.0,3.0,0.0,0.0,1.0,2.0,0.0,0.0,1.0,0.0,3.0,0.0,8.0,3.0
394,472827,W,9500,321.0,150.0,visa,226.0,debit,204.0,87.0,>=3027949.25,<125,129.0,106.0,0.0,0.0,159.0,90.0,0.0,0.0,75.0,0.0,83.0,0.0,607.0,110.0
395,472828,W,9002,453.0,150.0,visa,226.0,debit,272.0,87.0,>=3027949.25,<125,1.0,2.0,0.0,0.0,0.0,1.0,0.0,0.0,1.0,0.0,1.0,0.0,3.0,1.0
396,472829,H,16868,343.0,150.0,visa,166.0,debit,310.0,87.0,>=3027949.25,<125,1.0,1.0,0.0,1.0,0.0,1.0,0.0,1.0,0.0,1.0,1.0,0.0,0.0,0.0
397,472830,C,15885,545.0,185.0,visa,138.0,debit,NotFound,NotFound,>=3027949.25,<125,4.0,14.0,0.0,1.0,0.0,1.0,1.0,3.0,0.0,5.0,2.0,2.0,5.0,1.0
398,472831,W,15484,418.0,150.0,visa,226.0,debit,264.0,87.0,>=3027949.25,>=125.0,1.0,1.0,0.0,0.0,1.0,1.0,0.0,0.0,0.0,0.0,1.0,0.0,1.0,1.0
399,472832,W,2377,203.0,150.0,visa,166.0,debit,123.0,87.0,>=3027949.25,>=125.0,1.0,1.0,0.0,0.0,0.0,1.0,0.0,0.0,1.0,0.0,1.0,0.0,1.0,1.0
400,472833,R,15063,514.0,150.0,visa,226.0,credit,472.0,87.0,<3027949.25,<125,1.0,1.0,0.0,1.0,0.0,1.0,0.0,1.0,0.0,1.0,1.0,0.0,1.0,1.0
401,472834,C,16062,500.0,185.0,mastercard,137.0,credit,NotFound,NotFound,>=3027949.25,<125,1.0,1.0,0.0,1.0,0.0,1.0,1.0,1.0,0.0,1.0,1.0,1.0,1.0,1.0
402,472835,W,18234,481.0,150.0,mastercard,135.0,credit,204.0,87.0,>=3027949.25,>=125.0,1.0,1.0,0.0,0.0,1.0,1.0,0.0,0.0,1.0,0.0,1.0,0.0,0.0,0.0
403,472836,W,7919,194.0,150.0,mastercard,166.0,debit,204.0,87.0,>=3027949.25,<125,2.0,5.0,0.0,0.0,0.0,2.0,0.0,0.0,1.0,0.0,1.0,0.0,28.0,2.0
404,472837,C,10876,104.0,185.0,visa,137.0,credit,NotFound,NotFound,<3027949.25,<125,1.0,1.0,0.0,1.0,0.0,1.0,1.0,1.0,0.0,1.0,1.0,1.0,1.0,1.0
405,472838,C,14260,500.0,185.0,mastercard,224.0,credit,NotFound,NotFound,<3027949.25,<125,3.0,3.0,0.0,1.0,0.0,1.0,1.0,2.0,0.0,2.0,1.0,1.0,2.0,2.0
406,472839,W,5376,111.0,150.0,mastercard,224.0,debit,325.0,87.0,<3027949.25,<125,107.0,99.0,0.0,0.0,174.0,81.0,0.0,0.0,67.0,0.0,66.0,0.0,536.0,94.0
407,472840,H,13810,194.0,150.0,mastercard,166.0,debit,123.0,87.0,>=3027949.25,>=125.0,2.0,2.0,0.0,1.0,0.0,1.0,0.0,2.0,0.0,2.0,2.0,0.0,1.0,1.0
408,472841,W,15286,170.0,150.0,visa,226.0,credit,343.0,87.0,<3027949.25,<125,2.0,1.0,0.0,0.0,0.0,2.0,0.0,0.0,1.0,0.0,1.0,0.0,5.0,2.0
409,472842,C,15885,545.0,185.0,visa,138.0,debit,NotFound,NotFound,>=3027949.25,>=125.0,1.0,1.0,0.0,1.0,0.0,1.0,1.0,1.0,0.0,1.0,1.0,1.0,1.0,1.0
410,472843,W,2884,490.0,150.0,visa,226.0,debit,299.0,87.0,>=3027949.25,<125,6.0,9.0,0.0,0.0,10.0,5.0,0.0,0.0,4.0,0.0,7.0,0.0,22.0,6.0
411,472844,W,9306,490.0,150.0,visa,226.0,debit,225.0,87.0,>=3027949.25,<125,3.0,2.0,0.0,0.0,0.0,3.0,0.0,0.0,2.0,0.0,2.0,1.0,27.0,3.0
412,472845,H,12544,321.0,150.0,visa,226.0,debit,441.0,87.0,<3027949.25,<125,1.0,1.0,0.0,1.0,0.0,1.0,0.0,1.0,0.0,1.0,1.0,0.0,1.0,1.0
413,472846,W,3445,543.0,150.0,mastercard,224.0,debit,315.0,87.0,>=3027949.25,>=125.0,2.0,1.0,0.0,0.0,4.0,2.0,0.0,0.0,1.0,0.0,1.0,0.0,19.0,2.0
414,472847,C,17820,500.0,185.0,mastercard,224.0,credit,NotFound,NotFound,<3027949.25,<125,1.0,1.0,0.0,1.0,0.0,1.0,1.0,0.0,0.0,0.0,1.0,1.0,1.0,1.0
415,472848,W,12695,490.0,150.0,visa,226.0,debit,325.0,87.0,>=3027949.25,<125,1.0,3.0,0.0,0.0,0.0,1.0,0.0,0.0,3.0,0.0,1.0,0.0,4.0,1.0
416,472849,W,14649,548.0,150.0,visa,226.0,debit,441.0,87.0,>=3027949.25,<125,1.0,1.0,0.0,0.0,0.0,0.0,0.0,0.0,1.0,0.0,1.0,0.0,3.0,1.0
417,472850,W,3681,513.0,150.0,visa,166.0,debit,123.0,87.0,>=3027949.25,<125,2.0,2.0,0.0,0.0,2.0,1.0,0.0,0.0,1.0,0.0,1.0,0.0,8.0,2.0
418,472851,C,10645,555.0,146.0,visa,226.0,credit,NotFound,NotFound,>=3027949.25,<125,3.0,4.0,0.0,2.0,0.0,2.0,2.0,3.0,0.0,3.0,3.0,3.0,3.0,3.0
419,472852,W,7508,321.0,150.0,visa,226.0,debit,110.0,87.0,>=3027949.25,<125,3.0,2.0,0.0,0.0,4.0,0.0,0.0,0.0,2.0,0.0,2.0,0.0,26.0,3.0
420,472853,H,15063,514.0,150.0,visa,226.0,credit,441.0,87.0,<3027949.25,<125,1.0,1.0,0.0,1.0,0.0,1.0,0.0,1.0,0.0,1.0,1.0,0.0,1.0,1.0
421,472854,R,16659,170.0,150.0,visa,226.0,credit,126.0,87.0,>=3027949.25,<125,3.0,4.0,0.0,1.0,0.0,1.0,0.0,2.0,0.0,1.0,2.0,0.0,0.0,0.0
422,472855,W,11815,206.0,150.0,mastercard,166.0,debit,330.0,87.0,>=3027949.25,>=125.0,1.0,1.0,0.0,0.0,0.0,2.0,0.0,0.0,2.0,0.0,1.0,0.0,49.0,1.0
423,472856,W,7322,411.0,150.0,visa,226.0,debit,299.0,87.0,>=3027949.25,>=125.0,1.0,1.0,0.0,0.0,1.0,1.0,0.0,0.0,1.0,0.0,1.0,0.0,1.0,1.0
424,472857,R,9069,399.0,150.0,american express,137.0,credit,204.0,87.0,>=3027949.25,>=125.0,1.0,1.0,0.0,1.0,0.0,1.0,0.0,1.0,0.0,1.0,1.0,0.0,1.0,1.0
425,472858,H,15063,514.0,150.0,visa,226.0,credit,272.0,87.0,<3027949.25,<125,1.0,1.0,0.0,1.0,0.0,1.0,0.0,1.0,0.0,1.0,1.0,0.0,1.0,1.0
426,472859,W,7324,233.0,150.0,visa,226.0,debit,264.0,87.0,>=3027949.25,<125,5.0,4.0,0.0,0.0,1.0,2.0,0.0,0.0,2.0,0.0,4.0,0.0,7.0,4.0
427,472860,W,1782,555.0,150.0,visa,226.0,debit,512.0,87.0,>=3027949.25,<125,1.0,1.0,0.0,0.0,0.0,1.0,0.0,0.0,1.0,0.0,1.0,0.0,1.0,1.0
428,472861,R,7903,399.0,150.0,american express,137.0,credit,315.0,87.0,>=3027949.25,<125,1.0,1.0,0.0,1.0,0.0,1.0,0.0,1.0,0.0,1.0,1.0,0.0,1.0,1.0
429,472862,C,3154,408.0,185.0,mastercard,224.0,debit,NotFound,NotFound,>=3027949.25,<125,2.0,2.0,0.0,1.0,0.0,1.0,1.0,2.0,0.0,1.0,2.0,2.0,2.0,2.0
430,472863,W,10594,221.0,150.0,visa,226.0,debit,325.0,87.0,>=3027949.25,<125,1.0,2.0,0.0,0.0,0.0,3.0,0.0,0.0,1.0,0.0,1.0,0.0,4.0,1.0
431,472864,W,1342,514.0,150.0,mastercard,224.0,debit,325.0,87.0,<3027949.25,<125,2.0,3.0,0.0,0.0,1.0,2.0,0.0,0.0,2.0,0.0,2.0,0.0,52.0,2.0
432,472865,W,6019,583.0,150.0,visa,226.0,credit,225.0,87.0,>=3027949.25,>=125.0,1.0,1.0,0.0,0.0,0.0,1.0,0.0,0.0,1.0,0.0,1.0,0.0,1.0,1.0
433,472866,W,10613,250.0,150.0,visa,226.0,debit,441.0,87.0,>=3027949.25,<125,1.0,1.0,0.0,0.0,0.0,1.0,0.0,0.0,0.0,0.0,1.0,0.0,1.0,1.0
434,472867,W,2616,327.0,150.0,discover,102.0,credit,123.0,87.0,>=3027949.25,>=125.0,1.0,1.0,0.0,0.0,0.0,1.0,0.0,0.0,1.0,0.0,1.0,0.0,1.0,1.0
435,472868,C,16062,500.0,185.0,mastercard,137.0,credit,161.0,60.0,<3027949.25,<125,2.0,3.0,0.0,1.0,0.0,1.0,1.0,2.0,0.0,3.0,2.0,2.0,3.0,2.0
436,472869,W,7919,194.0,150.0,mastercard,202.0,debit,264.0,87.0,<3027949.25,<125,151.0,138.0,0.0,0.0,190.0,108.0,0.0,0.0,95.0,0.0,105.0,0.0,721.0,125.0
437,472870,C,1906,445.0,150.0,mastercard,224.0,debit,NotFound,NotFound,>=3027949.25,<125,1.0,1.0,0.0,1.0,0.0,1.0,1.0,1.0,0.0,1.0,1.0,1.0,1.0,1.0
438,472871,W,9480,170.0,150.0,visa,226.0,debit,387.0,87.0,>=3027949.25,<125,7.0,12.0,0.0,0.0,0.0,5.0,0.0,0.0,6.0,0.0,2.0,1.0,13.0,5.0
439,472872,W,7664,490.0,150.0,visa,226.0,debit,264.0,87.0,>=3027949.25,<125,1.0,1.0,0.0,0.0,1.0,1.0,0.0,0.0,1.0,0.0,1.0,0.0,1.0,1.0
440,472873,H,10616,583.0,150.0,visa,226.0,credit,264.0,87.0,>=3027949.25,<125,1.0,1.0,0.0,1.0,0.0,1.0,0.0,1.0,0.0,1.0,1.0,0.0,1.0,1.0
441,472874,W,7482,490.0,150.0,visa,226.0,debit,325.0,87.0,<3027949.25,>=125.0,5.0,3.0,0.0,0.0,4.0,4.0,0.0,0.0,3.0,0.0,3.0,0.0,98.0,5.0
442,472875,W,2290,555.0,150.0,visa,226.0,debit,325.0,87.0,<3027949.25,<125,3.0,4.0,0.0,0.0,0.0,2.0,0.0,0.0,1.0,0.0,1.0,0.0,10.0,2.0
443,472876,W,7826,481.0,150.0,mastercard,224.0,debit,387.0,87.0,>=3027949.25,<125,3.0,7.0,0.0,0.0,2.0,4.0,0.0,0.0,5.0,0.0,5.0,0.0,25.0,3.0
444,472877,S,15775,481.0,150.0,mastercard,102.0,credit,330.0,87.0,>=3027949.25,>=125.0,5.0,3.0,0.0,3.0,0.0,0.0,0.0,8.0,0.0,3.0,5.0,0.0,61.0,5.0
445,472878,W,14290,512.0,150.0,visa,226.0,debit,444.0,87.0,>=3027949.25,>=125.0,1.0,1.0,0.0,0.0,0.0,1.0,0.0,0.0,1.0,0.0,1.0,0.0,1.0,1.0
446,472879,H,6019,583.0,150.0,visa,226.0,credit,225.0,87.0,<3027949.25,<125,1.0,1.0,0.0,0.0,0.0,1.0,0.0,1.0,0.0,1.0,1.0,0.0,1.0,1.0
447,472880,R,7585,553.0,150.0,visa,226.0,credit,330.0,87.0,>=3027949.25,>=125.0,2.0,1.0,0.0,1.0,0.0,1.0,0.0,1.0,0.0,1.0,1.0,0.0,1.0,1.0
448,472881,C,5812,408.0,185.0,mastercard,224.0,debit,NotFound,NotFound,>=3027949.25,<125,40.0,304.0,0.0,34.0,0.0,34.0,34.0,45.0,0.0,64.0,81.0,81.0,128.0,19.0
449,472882,C,9633,130.0,185.0,visa,138.0,debit,NotFound,NotFound,>=3027949.25,<125,0.0,1.0,0.0,1.0,0.0,1.0,1.0,1.0,0.0,0.0,1.0,1.0,1.0,0.0
450,472883,R,9676,555.0,144.0,mastercard,197.0,credit,356.0,96.0,<3027949.25,<125,1.0,1.0,0.0,1.0,0.0,1.0,0.0,1.0,0.0,1.0,1.0,0.0,1.0,1.0
451,472884,W,5789,555.0,150.0,visa,226.0,debit,272.0,87.0,>=3027949.25,>=125.0,1.0,2.0,0.0,0.0,0.0,1.0,0.0,0.0,1.0,0.0,1.0,1.0,20.0,1.0
452,472885,W,7069,111.0,150.0,mastercard,166.0,debit,325.0,87.0,>=3027949.25,<125,1.0,2.0,0.0,0.0,0.0,1.0,0.0,0.0,1.0,0.0,1.0,1.0,12.0,1.0
453,472886,H,2049,390.0,150.0,mastercard,224.0,debit,472.0,87.0,<3027949.25,<125,1.0,1.0,0.0,0.0,0.0,1.0,0.0,1.0,0.0,1.0,1.0,0.0,1.0,1.0
454,472887,W,10471,144.0,150.0,mastercard,224.0,debit,337.0,87.0,>=3027949.25,<125,1.0,1.0,0.0,0.0,0.0,1.0,0.0,0.0,2.0,0.0,1.0,0.0,13.0,1.0
455,472888,W,9992,455.0,150.0,mastercard,126.0,debit,494.0,87.0,>=3027949.25,<125,11.0,11.0,0.0,0.0,5.0,9.0,0.0,0.0,9.0,0.0,6.0,0.0,25.0,10.0
456,472889,W,15238,543.0,150.0,mastercard,224.0,debit,191.0,87.0,>=3027949.25,<125,2.0,2.0,0.0,0.0,0.0,0.0,0.0,0.0,2.0,0.0,2.0,0.0,8.0,2.0
457,472890,W,8109,410.0,150.0,visa,226.0,debit,384.0,87.0,>=3027949.25,<125,13.0,19.0,0.0,0.0,11.0,10.0,0.0,0.0,13.0,0.0,10.0,0.0,34.0,9.0
458,472891,W,11280,481.0,150.0,visa,226.0,credit,158.0,87.0,<3027949.25,<125,2.0,1.0,0.0,0.0,0.0,1.0,0.0,0.0,1.0,0.0,1.0,0.0,4.0,2.0
459,472892,W,6276,280.0,150.0,mastercard,117.0,debit,191.0,87.0,>=3027949.25,<125,1.0,2.0,0.0,0.0,2.0,1.0,0.0,0.0,1.0,0.0,2.0,0.0,4.0,1.0
460,472893,W,9803,583.0,150.0,visa,226.0,credit,448.0,87.0,>=3027949.25,<125,2.0,1.0,0.0,0.0,0.0,3.0,0.0,0.0,2.0,0.0,2.0,1.0,83.0,2.0
461,472894,W,9500,321.0,150.0,visa,226.0,debit,204.0,87.0,>=3027949.25,>=125.0,1.0,3.0,0.0,0.0,0.0,1.0,0.0,0.0,2.0,0.0,1.0,1.0,35.0,1.0
462,472895,W,13462,402.0,150.0,visa,226.0,debit,343.0,87.0,>=3027949.25,<125,2.0,3.0,0.0,0.0,1.0,2.0,0.0,0.0,1.0,0.0,2.0,0.0,3.0,2.0
463,472896,C,9633,130.0,185.0,visa,138.0,debit,NotFound,NotFound,>=3027949.25,<125,1.0,1.0,0.0,1.0,0.0,1.0,1.0,1.0,0.0,1.0,1.0,1.0,1.0,1.0
464,472897,W,6019,583.0,150.0,visa,226.0,credit,299.0,87.0,<3027949.25,>=125.0,2.0,2.0,0.0,0.0,0.0,2.0,0.0,0.0,3.0,0.0,3.0,0.0,12.0,2.0
465,472898,W,10616,583.0,150.0,visa,226.0,credit,315.0,87.0,>=3027949.25,>=125.0,4.0,3.0,0.0,0.0,2.0,2.0,0.0,0.0,4.0,0.0,3.0,0.0,57.0,4.0
466,472899,W,11157,215.0,150.0,visa,226.0,debit,433.0,87.0,>=3027949.25,<125,3.0,4.0,0.0,0.0,0.0,2.0,0.0,0.0,2.0,0.0,2.0,1.0,23.0,3.0
467,472900,W,3682,264.0,150.0,visa,226.0,credit,476.0,87.0,>=3027949.25,>=125.0,1.0,1.0,0.0,0.0,1.0,1.0,0.0,0.0,1.0,0.0,1.0,0.0,0.0,0.0
468,472901,W,8320,476.0,150.0,visa,166.0,debit,299.0,87.0,>=3027949.25,<125,1.0,1.0,0.0,0.0,0.0,1.0,0.0,0.0,0.0,0.0,1.0,0.0,1.0,1.0
469,472902,W,10486,514.0,150.0,mastercard,219.0,credit,264.0,87.0,<3027949.25,>=125.0,1.0,1.0,0.0,0.0,1.0,0.0,0.0,0.0,0.0,0.0,1.0,0.0,1.0,1.0
470,472903,H,16659,170.0,150.0,visa,226.0,credit,325.0,87.0,<3027949.25,<125,1.0,1.0,0.0,1.0,0.0,1.0,0.0,1.0,0.0,1.0,1.0,0.0,1.0,1.0
471,472904,W,17217,111.0,150.0,visa,226.0,debit,494.0,87.0,>=3027949.25,<125,3.0,2.0,0.0,0.0,1.0,1.0,0.0,0.0,2.0,0.0,1.0,0.0,38.0,3.0
472,472905,W,6194,498.0,150.0,mastercard,117.0,debit,337.0,87.0,>=3027949.25,<125,7.0,6.0,0.0,0.0,5.0,5.0,0.0,0.0,4.0,0.0,3.0,1.0,21.0,6.0
473,472906,W,10486,514.0,150.0,mastercard,219.0,credit,512.0,87.0,>=3027949.25,<125,1.0,1.0,0.0,0.0,1.0,1.0,0.0,0.0,1.0,0.0,1.0,0.0,3.0,1.0
474,472907,W,13982,218.0,150.0,mastercard,117.0,debit,512.0,87.0,>=3027949.25,<125,6.0,6.0,0.0,0.0,10.0,10.0,0.0,0.0,4.0,0.0,5.0,0.0,44.0,6.0
475,472908,W,14290,512.0,150.0,visa,226.0,debit,177.0,87.0,<3027949.25,<125,4.0,2.0,0.0,0.0,0.0,2.0,0.0,0.0,2.0,0.0,2.0,0.0,26.0,3.0
476,472909,W,7919,194.0,150.0,mastercard,166.0,debit,324.0,87.0,>=3027949.25,<125,3.0,3.0,0.0,0.0,0.0,1.0,0.0,0.0,2.0,0.0,1.0,1.0,5.0,1.0
477,472910,C,5812,408.0,185.0,mastercard,224.0,debit,NotFound,NotFound,>=3027949.25,<125,1.0,2.0,0.0,1.0,0.0,1.0,1.0,2.0,0.0,1.0,1.0,1.0,2.0,1.0
478,472911,W,4663,490.0,150.0,visa,166.0,debit,433.0,87.0,>=3027949.25,<125,4.0,1.0,0.0,0.0,5.0,2.0,0.0,0.0,3.0,0.0,1.0,0.0,38.0,3.0
479,472912,R,13497,222.0,150.0,visa,226.0,debit,469.0,87.0,>=3027949.25,<125,1.0,1.0,0.0,1.0,0.0,1.0,0.0,1.0,0.0,1.0,1.0,0.0,1.0,1.0
480,472913,W,7861,494.0,150.0,visa,226.0,credit,299.0,87.0,>=3027949.25,<125,1.0,1.0,0.0,0.0,0.0,1.0,0.0,0.0,0.0,0.0,1.0,0.0,1.0,1.0
481,472914,W,15484,418.0,150.0,visa,226.0,debit,264.0,87.0,>=3027949.25,>=125.0,6.0,11.0,0.0,0.0,11.0,6.0,0.0,0.0,5.0,0.0,6.0,0.0,56.0,6.0
482,472915,C,9633,296.0,185.0,visa,138.0,debit,540.0,60.0,<3027949.25,<125,1.0,1.0,0.0,1.0,0.0,1.0,1.0,1.0,0.0,1.0,1.0,1.0,1.0,1.0
483,472916,W,18249,360.0,150.0,mastercard,126.0,debit,231.0,87.0,>=3027949.25,<125,2.0,2.0,0.0,0.0,2.0,2.0,0.0,0.0,1.0,0.0,1.0,0.0,13.0,2.0
484,472917,W,14290,512.0,150.0,visa,226.0,debit,315.0,87.0,<3027949.25,<125,1.0,1.0,0.0,0.0,0.0,0.0,0.0,0.0,1.0,0.0,1.0,0.0,1.0,1.0
485,472918,W,8153,390.0,150.0,mastercard,224.0,debit,330.0,87.0,>=3027949.25,>=125.0,1.0,2.0,0.0,0.0,0.0,1.0,0.0,0.0,1.0,0.0,1.0,0.0,1.0,1.0
486,472919,W,12544,321.0,150.0,visa,226.0,debit,441.0,87.0,>=3027949.25,<125,2.0,1.0,0.0,0.0,2.0,2.0,0.0,0.0,1.0,0.0,2.0,0.0,4.0,2.0
487,472920,W,5829,395.0,150.0,visa,226.0,debit,204.0,87.0,>=3027949.25,<125,3.0,6.0,0.0,0.0,2.0,2.0,0.0,0.0,1.0,0.0,2.0,0.0,21.0,2.0
488,472921,W,7664,490.0,150.0,visa,226.0,debit,264.0,87.0,>=3027949.25,>=125.0,2.0,2.0,0.0,0.0,0.0,1.0,0.0,0.0,1.0,0.0,2.0,0.0,1.0,1.0
489,472922,W,15066,170.0,150.0,mastercard,102.0,credit,264.0,87.0,>=3027949.25,>=125.0,1.0,1.0,0.0,0.0,0.0,1.0,0.0,0.0,1.0,0.0,1.0,0.0,3.0,1.0
490,472923,C,13832,375.0,185.0,mastercard,224.0,debit,NotFound,NotFound,>=3027949.25,<125,1.0,9.0,0.0,1.0,0.0,1.0,1.0,2.0,0.0,3.0,1.0,1.0,8.0,1.0
491,472924,R,6741,583.0,150.0,visa,195.0,credit,330.0,87.0,<3027949.25,>=125.0,1.0,1.0,0.0,1.0,0.0,1.0,0.0,1.0,0.0,1.0,1.0,0.0,1.0,1.0
492,472925,W,16326,321.0,150.0,visa,226.0,credit,299.0,87.0,>=3027949.25,>=125.0,1.0,1.0,0.0,0.0,1.0,1.0,0.0,0.0,1.0,0.0,1.0,0.0,2.0,1.0
493,472926,W,17188,321.0,150.0,visa,226.0,debit,299.0,87.0,>=3027949.25,>=125.0,165.0,130.0,0.0,0.0,178.0,109.0,0.0,0.0,99.0,0.0,109.0,0.0,600.0,140.0
494,472927,W,12577,268.0,150.0,visa,166.0,debit,325.0,87.0,<3027949.25,<125,1.0,1.0,0.0,0.0,0.0,1.0,0.0,0.0,1.0,0.0,1.0,0.0,2.0,1.0
495,472928,W,1676,555.0,150.0,visa,226.0,debit,184.0,87.0,>=3027949.25,<125,1.0,1.0,0.0,0.0,0.0,1.0,0.0,0.0,1.0,0.0,1.0,0.0,2.0,1.0
496,472929,C,15257,375.0,185.0,mastercard,224.0,debit,NotFound,NotFound,>=3027949.25,<125,1.0,6.0,0.0,1.0,0.0,1.0,1.0,2.0,0.0,2.0,2.0,2.0,1.0,1.0
497,472930,W,3277,111.0,150.0,visa,226.0,debit,231.0,87.0,>=3027949.25,<125,1.0,1.0,0.0,0.0,0.0,1.0,0.0,0.0,0.0,0.0,1.0,0.0,1.0,1.0
498,472931,W,17188,321.0,150.0,visa,226.0,debit,299.0,87.0,>=3027949.25,<125,1.0,1.0,0.0,0.0,0.0,1.0,0.0,0.0,1.0,0.0,2.0,0.0,1.0,1.0
499,472932,W,5629,490.0,150.0,visa,226.0,debit,299.0,87.0,>=3027949.25,<125,3.0,1.0,0.0,0.0,1.0,0.0,0.0,0.0,1.0,0.0,1.0,0.0,3.0,3.0